"is't","359079","1","ᛁᛋᛏ",143
"he'd","293957","1","ᚻᛖᛞ",179
"in't","260116","1","ᛁᚾᛏ",119
"it's","245982","1","ᛁᛏᛋ",143
"king's","173663","1","ᚳᛝᛋ",145
"wing'd","139568","1","ᚹᛝᛞ",187
"to't","137315","1","ᛏᚩᛏ",125
"dy'd","126580","1","ᛞᚣᛞ",281
"do't","121197","1","ᛞᚩᛏ",155
"am't","113785","1","ᚪᛗᛏ",227
"ey'd","89573","1","ᛖᚣᛞ",259
"an'd","86354","1","ᚪᚾᛞ",215
"he's","77265","1","ᚻᛖᛋ",143
"if'n","68268","1","ᛁᚠᚾ",62
"ch'n","55767","1","ᚳᚻᚾ",65
"we'd","51787","1","ᚹᛖᛞ",175
"ob't","51592","1","ᚩᛒᛏ",127
"tho't","50502","1","ᚦᚩᛏ",71
"ap'd","47122","1","ᚪᛈᛞ",229
"ok'd","46264","1","ᚩᚳᛞ",109
"ty'd","43780","1","ᛏᚣᛞ",251
"ca'd","40710","1","ᚳᚪᛞ",199
"sh'd","30624","1","ᛋᚻᛞ",165
"ah'd","30274","1","ᚪᚻᛞ",209
"ow'd","29910","1","ᚩᚹᛞ",115
"sy'n","29658","1","ᛋᚣᚾ",185
"be'n","29552","1","ᛒᛖᚾ",157
"sn't","28168","1","ᛋᚾᛏ",141
"be't","28125","1","ᛒᛖᛏ",187
"tha't","27298","1","ᚦᚪᛏ",161
"ag't","25930","1","ᚪᚷᛏ",173
"aw'd","25477","1","ᚪᚹᛞ",205
"go'n","25290","1","ᚷᚩᚾ",53
"mae'n","23746","1","ᛗᚫᚾ",201
"en't","23120","1","ᛖᚾᛏ",155
"hi'n","22497","1","ᚻᛁᚾ",83
"eas'd","22101","1","ᛠᛋᛞ",251
"id'd","21864","1","ᛁᛞᛞ",209
"ha'd","20019","1","ᚻᚪᛞ",209
"od'd","19403","1","ᚩᛞᛞ",185
"wo'd","18736","1","ᚹᚩᛞ",115
"dn't","17440","1","ᛞᚾᛏ",177
"by't","17138","1","ᛒᚣᛏ",223
"op'd","17005","1","ᚩᛈᛞ",139
"ear'd","16202","1","ᛠᚱᛞ",209
"wi't","15992","1","ᚹᛁᛏ",109
"me'n","15968","1","ᛗᛖᚾ",167
"ma'n","15624","1","ᛗᚪᚾ",197
"if't","15453","1","ᛁᚠᛏ",92
"bo't","15370","1","ᛒᚩᛏ",127
"ting'd","15338","1","ᛏᛝᛞ",227
"pa'd","14071","1","ᛈᚪᛞ",229
"no't","13775","1","ᚾᚩᛏ",95
"ean't","13504","1","ᛠᚾᛏ",197
"ti'n","13011","1","ᛏᛁᚾ",119
"co'd","12853","1","ᚳᚩᛞ",109
"ed'n","12773","1","ᛖᛞᚾ",185
"me'd","12669","1","ᛗᛖᛞ",227
"au'n","12146","1","ᚪᚢᚾ",129
"co'n","11815","1","ᚳᚩᚾ",49
"it'd","11783","1","ᛁᛏᛞ",179
"pu'd","11564","1","ᛈᚢᛞ",135
"ni'n","11509","1","ᚾᛁᚾ",89
"as't","11292","1","ᚪᛋᛏ",209
"ha't","11277","1","ᚻᚪᛏ",179
"ab't","10848","1","ᚪᛒᛏ",217
"so'd","10787","1","ᛋᚩᛞ",149
"so'n","10705","1","ᛋᚩᚾ",89
"yo'd","10358","1","ᚣᚩᛞ",199
"mo'n","10275","1","ᛗᚩᚾ",107
"ba'd","10261","1","ᛒᚪᛞ",247
"leo'n","10246","1","ᛚᛇᚾ",143
"ya'd","10173","1","ᚣᚪᛞ",289
"no'th","10044","1","ᚾᚩᚦ",41
"ca't","9989","1","ᚳᚪᛏ",169
"do'n","9812","1","ᛞᚩᚾ",125
"ho'd","9698","1","ᚻᚩᛞ",119
"eon's","9574","1","ᛇᚾᛋ",123
"fe't","9464","1","ᚠᛖᛏ",128
"ko'd","9424","1","ᚳᚩᛞ",109
"co't","9352","1","ᚳᚩᛏ",79
"ca'n","9220","1","ᚳᚪᚾ",139
"ou'd","9178","1","ᚩᚢᛞ",99
"ro'n","9139","1","ᚱᚩᚾ",47
"tha'd","9132","1","ᚦᚪᛞ",191
"go'd","9071","1","ᚷᚩᛞ",113
"vn'th","8779","1","ᚢᚾᚦ",37
"di'd","8698","1","ᛞᛁᛞ",209
"so't","8199","1","ᛋᚩᛏ",119
"ac't","8044","1","ᚪᚳᛏ",169
"ty'n","7877","1","ᛏᚣᚾ",191
"it't","7809","1","ᛁᛏᛏ",149
"se'n","7707","1","ᛋᛖᚾ",149
"wi'th","7663","1","ᚹᛁᚦ",55
"op't","7582","1","ᚩᛈᛏ",109
"ring'd","7329","1","ᚱᛝᛞ",179
"ra'd","6895","1","ᚱᚪᛞ",197
"bo'n","6892","1","ᛒᚩᚾ",97
"ai'd","6892","1","ᚪᛁᛞ",217
"to'th","6884","1","ᛏᚩᚦ",71
"of't","6811","1","ᚩᚠᛏ",68
"di'n","6742","1","ᛞᛁᚾ",149
"wa'd","6739","1","ᚹᚪᛞ",205
"we'n","6664","1","ᚹᛖᚾ",115
"ag'd","6615","1","ᚪᚷᛞ",203
"cc'd","6575","1","ᚳᚳᛞ",115
"gi'n","6489","1","ᚷᛁᚾ",77
"vs'd","6336","1","ᚢᛋᛞ",145
"tu'n","6319","1","ᛏᚢᚾ",91
"lt'd","6196","1","ᛚᛏᛞ",221
"ie'd","6173","1","ᛁᛖᛞ",187
"ion't","6144","1","ᛡᚾᛏ",195
"lo'd","6116","1","ᛚᚩᛞ",169
"to'd","6023","1","ᛏᚩᛞ",155
"su'd","5986","1","ᛋᚢᛞ",145
"na't","5970","1","ᚾᚪᛏ",185
"ex'd","5885","1","ᛖᛉᛞ",203
"it'th","5815","1","ᛁᛏᚦ",95
"ci's","5758","1","ᚳᛁᛋ",97
"he'th","5748","1","ᚻᛖᚦ",95
"bu't","5643","1","ᛒᚢᛏ",123
"op'n","5611","1","ᚩᛈᚾ",79
"king'd","5575","1","ᚳᛝᛞ",181
"ma'd","5566","1","ᛗᚪᛞ",257
"st'd","5480","1","ᛋᛏᛞ",201
"pa't","5476","1","ᛈᚪᛏ",199
"or'd","5475","1","ᚩᚱᛞ",107
"re'd","5391","1","ᚱᛖᛞ",167
"oi'd","5181","1","ᚩᛁᛞ",127
"pu't","5174","1","ᛈᚢᛏ",105
"en'd","5028","1","ᛖᚾᛞ",185
"am'n","4989","1","ᚪᛗᚾ",197
"mn't","4872","1","ᛗᚾᛏ",159
"fr't","4860","1","ᚠᚱᛏ",72
"hae't","4810","1","ᚻᚫᛏ",183
"up'n","4747","1","ᚢᛈᚾ",75
"as'd","4700","1","ᚪᛋᛞ",239
"bu'n","4652","1","ᛒᚢᚾ",93
"hy't","4636","1","ᚻᚣᛏ",185
"le'd","4606","1","ᛚᛖᛞ",229
"yo'n","4559","1","ᚣᚩᚾ",139
"hea'th","4519","1","ᚻᛠᚦ",137
"ol't","4517","1","ᚩᛚᛏ",139
"sh'n","4495","1","ᛋᚻᚾ",105
"ar'd","4347","1","ᚪᚱᛞ",197
"er'd","4310","1","ᛖᚱᛞ",167
"sing'd","4294","1","ᛋᛝᛞ",221
"ar't","4241","1","ᚪᚱᛏ",167
"the'n","4204","1","ᚦᛖᚾ",101
"un't","4188","1","ᚢᚾᛏ",91
"ct's","4160","1","ᚳᛏᛋ",125
"fi'n","4135","1","ᚠᛁᚾ",62
"yu'd","4105","1","ᚣᚢᛞ",195
"jy't","4105","1","ᛂᚣᛏ",199
"no'n","4064","1","ᚾᚩᚾ",65
"ve'd","3980","1","ᚢᛖᛞ",159
"eat'n","3952","1","ᛠᛏᚾ",197
"ta'n","3919","1","ᛏᚪᚾ",185
"fae'd","3905","1","ᚠᚫᛞ",192
"joe'd","3854","1","ᛂᛟᛞ",209
"in'd","3840","1","ᛁᚾᛞ",149
"ax'd","3810","1","ᚪᛉᛞ",233
"ac'd","3775","1","ᚪᚳᛞ",199
"au't","3720","1","ᚪᚢᛏ",159
"sy't","3708","1","ᛋᚣᛏ",215
"ai'n","3708","1","ᚪᛁᚾ",157
"to'n","3699","1","ᛏᚩᚾ",95
"ou't","3628","1","ᚩᚢᛏ",69
"mf'd","3581","1","ᛗᚠᛞ",162
"or's","3578","1","ᚩᚱᛋ",71
"ti'd","3566","1","ᛏᛁᛞ",179
"fa'n","3511","1","ᚠᚪᚾ",128
"ai't","3490","1","ᚪᛁᛏ",187
"reo'd","3397","1","ᚱᛇᛞ",141
"le't","3382","1","ᛚᛖᛏ",199
"bo'd","3380","1","ᛒᚩᛞ",157
"la'd","3374","1","ᛚᚪᛞ",259
"ow'n","3371","1","ᚩᚹᚾ",55
"fo'th","3370","1","ᚠᚩᚦ",14
"na'n","3303","1","ᚾᚪᚾ",155
"tha'n","3291","1","ᚦᚪᚾ",131
"ef'n","3286","1","ᛖᚠᚾ",98
"ho'n","3278","1","ᚻᚩᚾ",59
"gr'd","3272","1","ᚷᚱᛞ",117
"as'n","3272","1","ᚪᛋᚾ",179
"oo'd","3256","1","ᚩᚩᛞ",103
"ll't","3239","1","ᛚᛚᛏ",205
"vw'th","3232","1","ᚢᚹᚦ",27
"cu't","3220","1","ᚳᚢᛏ",75
"ge'n","3187","1","ᚷᛖᚾ",113
"sg't","3175","1","ᛋᚷᛏ",129
"oi't","3153","1","ᚩᛁᛏ",97
"sa't","3136","1","ᛋᚪᛏ",209
"jo'n","3130","1","ᛂᚩᚾ",73
"ga'n","3124","1","ᚷᚪᚾ",143
"nu'n","3107","1","ᚾᚢᚾ",61
"at't","3094","1","ᚪᛏᛏ",215
"eu'n","3079","1","ᛖᚢᚾ",99
"go'th","3050","1","ᚷᚩᚦ",29
"pl't","3026","1","ᛈᛚᛏ",175
"tea'd","2934","1","ᛏᛠᛞ",257
"ot't","2889","1","ᚩᛏᛏ",125
"be'd","2850","1","ᛒᛖᛞ",217
"fi't","2844","1","ᚠᛁᛏ",92
"ss'n","2825","1","ᛋᛋᚾ",135
"an'n","2817","1","ᚪᚾᚾ",155
"king't","2803","1","ᚳᛝᛏ",151
"eng'd","2747","1","ᛖᛝᛞ",235
"im'd","2720","1","ᛁᛗᛞ",191
"ma't","2713","1","ᛗᚪᛏ",227
"me't","2691","1","ᛗᛖᛏ",197
"cw't","2672","1","ᚳᚹᛏ",91
"us'n","2669","1","ᚢᛋᚾ",85
"mc'd","2636","1","ᛗᚳᛞ",173
"au'd","2632","1","ᚪᚢᛞ",189
"wo'th","2529","1","ᚹᚩᚦ",31
"li't","2524","1","ᛚᛁᛏ",163
"st'n","2515","1","ᛋᛏᚾ",141
"ch'd","2514","1","ᚳᚻᛞ",125
"ee'd","2486","1","ᛖᛖᛞ",223
"su't","2473","1","ᛋᚢᛏ",115
"ln't","2463","1","ᛚᚾᛏ",161
"at'd","2458","1","ᚪᛏᛞ",245
"hl'd","2456","1","ᚻᛚᛞ",185
"po'd","2452","1","ᛈᚩᛞ",139
"bi't","2451","1","ᛒᛁᛏ",151
"cl't","2447","1","ᚳᛚᛏ",145
"ly'd","2425","1","ᛚᚣᛞ",265
"of'n","2369","1","ᚩᚠᚾ",38
"it'n","2332","1","ᛁᛏᚾ",119
"wo't","2324","1","ᚹᚩᛏ",85
"zo'n","2299","1","ᛋᚩᚾ",89
"se't","2299","1","ᛋᛖᛏ",179
"wa'n","2293","1","ᚹᚪᚾ",145
"thing'd","2287","1","ᚦᛝᛞ",173
"al't","2270","1","ᚪᛚᛏ",229
"on'd","2263","1","ᚩᚾᛞ",125
"ra's","2246","1","ᚱᚪᛋ",161
"al'd","2242","1","ᚪᛚᛞ",259
"ol'd","2241","1","ᚩᛚᛞ",169
"ir'n","2236","1","ᛁᚱᚾ",71
"fe'n","2236","1","ᚠᛖᚾ",98
"hu't","2213","1","ᚻᚢᛏ",85
"oo'n","2188","1","ᚩᚩᚾ",43
"de'n","2182","1","ᛞᛖᚾ",185
"wi'd","2177","1","ᚹᛁᛞ",139
"wn'n","2168","1","ᚹᚾᚾ",77
"qu'd","2164","1","ᚳᚹᛞ",121
"hea'd","2160","1","ᚻᛠᛞ",221
"pn'n","2153","1","ᛈᚾᚾ",101
"ey'n","2148","1","ᛖᚣᚾ",199
"sm't","2132","1","ᛋᛗᛏ",183
"iov'd","2130","1","ᛡᚢᛞ",199
"he'n","2121","1","ᚻᛖᚾ",119
"zu'n","2118","1","ᛋᚢᚾ",85
"ch't","2118","1","ᚳᚻᛏ",95
"wi'n","2115","1","ᚹᛁᚾ",79
"ne'd","2112","1","ᚾᛖᛞ",185
"in'n","2093","1","ᛁᚾᚾ",89
"wa't","2091","1","ᚹᚪᛏ",175
"ou'n","2060","1","ᚩᚢᚾ",39
"ls't","2059","1","ᛚᛋᛏ",185
"ro'd","2055","1","ᚱᚩᛞ",107
"by'n","2047","1","ᛒᚣᚾ",193
"po't","2044","1","ᛈᚩᛏ",109
"joe's","2037","1","ᛂᛟᛋ",173
"he't","2035","1","ᚻᛖᛏ",149
"ian't","2032","1","ᛡᚾᛏ",195
"fo'n","2032","1","ᚠᚩᚾ",38
"bo'th","2022","1","ᛒᚩᚦ",73
"ii't","2009","1","ᛁᛁᛏ",121
"bl'd","2002","1","ᛒᛚᛞ",223
"sia'th","2001","1","ᛋᛡᚦ",165
"hi'd","1985","1","ᚻᛁᛞ",143
"sa'n","1973","1","ᛋᚪᚾ",179
"de'd","1955","1","ᛞᛖᛞ",245
"bn't","1948","1","ᛒᚾᛏ",149
"ta'd","1945","1","ᛏᚪᛞ",245
"yi'd","1935","1","ᚣᛁᛞ",223
"ye't","1931","1","ᚣᛖᛏ",229
"ll'd","1911","1","ᛚᛚᛞ",235
"mo't","1900","1","ᛗᚩᛏ",137
"du'd","1892","1","ᛞᚢᛞ",181
"ioy'd","1881","1","ᛡᚣᛞ",299
"mu't","1878","1","ᛗᚢᛏ",133
"kn't","1873","1","ᚳᚾᛏ",101
"bu'd","1871","1","ᛒᚢᛞ",153
"fc'th","1869","1","ᚠᚳᚦ",20
"co's","1869","1","ᚳᚩᛋ",73
"or't","1863","1","ᚩᚱᛏ",77
"wn't","1831","1","ᚹᚾᛏ",107
"the'd","1820","1","ᚦᛖᛞ",161
"ll'n","1810","1","ᛚᛚᚾ",175
"the't","1803","1","ᚦᛖᛏ",131
"um't","1797","1","ᚢᛗᛏ",133
"te'n","1791","1","ᛏᛖᚾ",155
"cv'n","1789","1","ᚳᚢᚾ",45
"un'd","1787","1","ᚢᚾᛞ",121
"mu'n","1780","1","ᛗᚢᚾ",103
"la't","1780","1","ᛚᚪᛏ",229
"oh'n","1763","1","ᚩᚻᚾ",59
"cz't","1758","1","ᚳᛋᛏ",125
"il't","1747","1","ᛁᛚᛏ",163
"ee'n","1733","1","ᛖᛖᚾ",163
"st't","1728","1","ᛋᛏᛏ",171
"hea't","1725","1","ᚻᛠᛏ",191
"gr't","1725","1","ᚷᚱᛏ",87
"mi'n","1711","1","ᛗᛁᚾ",131
"af'd","1708","1","ᚪᚠᛞ",188
"ci't","1702","1","ᚳᛁᛏ",103
"ba't","1700","1","ᛒᚪᛏ",217
"mia's","1699","1","ᛗᛡᛋ",231
"is'd","1690","1","ᛁᛋᛞ",173
"vy'd","1689","1","ᚢᚣᛞ",195
"pi'd","1688","1","ᛈᛁᛞ",163
"aa'd","1686","1","ᚪᚪᛞ",283
"ha'n","1675","1","ᚻᚪᚾ",149
"mg't","1659","1","ᛗᚷᛏ",147
"eq'n","1658","1","ᛖᚳᚾ",109
"fu'n","1653","1","ᚠᚢᚾ",34
"tm'n","1644","1","ᛏᛗᚾ",159
"il'd","1638","1","ᛁᛚᛞ",193
"zn't","1629","1","ᛋᚾᛏ",141
"py'd","1627","1","ᛈᚣᛞ",235
"im't","1627","1","ᛁᛗᛏ",161
"da'n","1613","1","ᛞᚪᚾ",215
"pa'n","1611","1","ᛈᚪᚾ",169
"nt'd","1608","1","ᚾᛏᛞ",177
"li'n","1605","1","ᛚᛁᚾ",133
"cr't","1603","1","ᚳᚱᛏ",83
"la'n","1602","1","ᛚᚪᚾ",199
"ja'd","1598","1","ᛂᚪᛞ",223
"sh't","1597","1","ᛋᚻᛏ",135
"da'd","1589","1","ᛞᚪᛞ",275
"dj'd","1578","1","ᛞᛂᛞ",215
"cz's","1578","1","ᚳᛋᛋ",119
"doe't","1577","1","ᛞᛟᛏ",231
"oh'd","1575","1","ᚩᚻᛞ",119
"se'd","1573","1","ᛋᛖᛞ",209
"tr'n","1572","1","ᛏᚱᚾ",99
"ni't","1552","1","ᚾᛁᛏ",119
"is'n","1550","1","ᛁᛋᚾ",113
"at's","1548","1","ᚪᛏᛋ",209
"rea'd","1542","1","ᚱᛠᛞ",209
"ii'd","1527","1","ᛁᛁᛞ",151
"mi'd","1523","1","ᛗᛁᛞ",191
"lo'n","1520","1","ᛚᚩᚾ",109
"sm'th","1511","1","ᛋᛗᚦ",129
"ib'n","1511","1","ᛁᛒᚾ",121
"gu'n","1493","1","ᚷᚢᚾ",49
"ti't","1490","1","ᛏᛁᛏ",149
"li'th","1487","1","ᛚᛁᚦ",109
"fi'd","1481","1","ᚠᛁᛞ",122
"em'd","1479","1","ᛖᛗᛞ",227
"up'd","1477","1","ᚢᛈᛞ",135
"mi't","1474","1","ᛗᛁᛏ",161
"cu'd","1472","1","ᚳᚢᛞ",105
"hy'd","1460","1","ᚻᚣᛞ",215
"ba'n","1453","1","ᛒᚪᚾ",187
"iu'd","1433","1","ᛁᚢᛞ",123
"tt't","1425","1","ᛏᛏᛏ",177
"iv's","1418","1","ᛁᚢᛋ",87
"do'd","1414","1","ᛞᚩᛞ",185
"fo'd","1408","1","ᚠᚩᛞ",98
"ap't","1406","1","ᚪᛈᛏ",199
"ed'd","1395","1","ᛖᛞᛞ",245
"ne't","1371","1","ᚾᛖᛏ",155
"eq'd","1371","1","ᛖᚳᛞ",169
"pr't","1347","1","ᛈᚱᛏ",113
"tio'n","1346","1","ᛏᛡᚾ",195
"ep't","1344","1","ᛖᛈᛏ",169
"ab'd","1341","1","ᚪᛒᛞ",247
"ss't","1332","1","ᛋᛋᛏ",165
"si'n","1324","1","ᛋᛁᚾ",113
"gi't","1307","1","ᚷᛁᛏ",107
"sp'd","1302","1","ᛋᛈᛞ",185
"yw'n","1299","1","ᚣᚹᚾ",151
"ct't","1295","1","ᚳᛏᛏ",131
"ra'n","1294","1","ᚱᚪᚾ",137
"hv'd","1292","1","ᚻᚢᛞ",115
"wu'd","1280","1","ᚹᚢᛞ",111
"lo't","1278","1","ᛚᚩᛏ",139
"li'd","1276","1","ᛚᛁᛞ",193
"fo't","1273","1","ᚠᚩᛏ",68
"lt't","1272","1","ᛚᛏᛏ",191
"un'th","1267","1","ᚢᚾᚦ",37
"ot'n","1244","1","ᚩᛏᚾ",95
"we't","1242","1","ᚹᛖᛏ",145
"jo'd","1236","1","ᛂᚩᛞ",133
"fr'd","1232","1","ᚠᚱᛞ",102
"us't","1231","1","ᚢᛋᛏ",115
"ll'th","1221","1","ᛚᛚᚦ",151
"er'n","1220","1","ᛖᚱᚾ",107
"eou'd","1220","1","ᛇᚢᛞ",133
"pm't","1208","1","ᛈᛗᛏ",173
"ex'n","1205","1","ᛖᛉᚾ",143
"er't","1200","1","ᛖᚱᛏ",137
"pi't","1193","1","ᛈᛁᛏ",133
"re'n","1190","1","ᚱᛖᚾ",107
"tl't","1189","1","ᛏᛚᛏ",191
"dae't","1186","1","ᛞᚫᛏ",249
"ex't","1182","1","ᛖᛉᛏ",173
"by'th","1171","1","ᛒᚣᚦ",169
"mt'n","1170","1","ᛗᛏᚾ",159
"lae'd","1170","1","ᛚᚫᛞ",263
"ta't","1167","1","ᛏᚪᛏ",215
"on'n","1151","1","ᚩᚾᚾ",65
"ec'd","1148","1","ᛖᚳᛞ",169
"en's","1146","1","ᛖᚾᛋ",149
"cn't","1146","1","ᚳᚾᛏ",101
"ib'd","1145","1","ᛁᛒᛞ",181
"bl't","1144","1","ᛒᛚᛏ",193
"fa'th","1140","1","ᚠᚪᚦ",104
"ol'n","1138","1","ᚩᛚᚾ",109
"ur'd","1129","1","ᚢᚱᛞ",103
"ez'n","1129","1","ᛖᛋᚾ",149
"va'n","1126","1","ᚢᚪᚾ",129
"rr'n","1124","1","ᚱᚱᚾ",51
"si't","1120","1","ᛋᛁᛏ",143
"jn't","1118","1","ᛂᚾᛏ",125
"pae'd","1111","1","ᛈᚫᛞ",233
"cj's","1111","1","ᚳᛂᛋ",103
"ml't","1107","1","ᛗᛚᛏ",203
"ad'd","1107","1","ᚪᛞᛞ",275
"wy'n","1106","1","ᚹᚣᚾ",151
"ag'n","1101","1","ᚪᚷᚾ",143
"wh'n","1079","1","ᚹᚻᚾ",71
"be'th","1079","1","ᛒᛖᚦ",133
"wh't","1055","1","ᚹᚻᛏ",101
"ii'n","1033","1","ᛁᛁᚾ",91
"lb'th","1032","1","ᛚᛒᚦ",139
"da't","1031","1","ᛞᚪᛏ",245
"aes'n","1027","1","ᚫᛋᚾ",183
"oi'n","1019","1","ᚩᛁᚾ",67
"ne'n","1009","1","ᚾᛖᚾ",125
"du'n","1005","1","ᛞᚢᚾ",121
"no'd","1000","1","ᚾᚩᛞ",125
"fi'th","995","1","ᚠᛁᚦ",38
"si'd","994","1","ᛋᛁᛞ",173
"mo'd","991","1","ᛗᚩᛞ",167
"cd's","990","1","ᚳᛞᛋ",155
"ja'n","980","1","ᛂᚪᚾ",163
"ix't","980","1","ᛁᛉᛏ",137
"br'd","980","1","ᛒᚱᛞ",161
"ri't","977","1","ᚱᛁᛏ",101
"eb'n","977","1","ᛖᛒᚾ",157
"fe'd","975","1","ᚠᛖᛞ",158
"tn't","974","1","ᛏᚾᛏ",147
"pl'd","966","1","ᛈᛚᛞ",205
"ic'd","966","1","ᛁᚳᛞ",133
"hc'd","965","1","ᚻᚳᛞ",125
"fm't","965","1","ᚠᛗᛏ",132
"ho't","955","1","ᚻᚩᛏ",89
"br't","954","1","ᛒᚱᛏ",131
"jae'n","951","1","ᛂᚫᚾ",167
"fu'd","951","1","ᚠᚢᛞ",94
"ge't","947","1","ᚷᛖᛏ",143
"zo't","943","1","ᛋᚩᛏ",119
"at'n","938","1","ᚪᛏᚾ",185
"mt'd","933","1","ᛗᛏᛞ",219
"ma's","932","1","ᛗᚪᛋ",221
"thi'd","930","1","ᚦᛁᛞ",125
"nn'n","926","1","ᚾᚾᚾ",87
"es't","924","1","ᛖᛋᛏ",179
"do's","923","1","ᛞᚩᛋ",149
"de't","921","1","ᛞᛖᛏ",215
"ar'n","921","1","ᚪᚱᚾ",137
"vz'd","919","1","ᚢᛋᛞ",145
"su'n","919","1","ᛋᚢᚾ",85
"ss'd","917","1","ᛋᛋᛞ",195
"fl't","911","1","ᚠᛚᛏ",134
"cl'd","910","1","ᚳᛚᛞ",175
"eam'd","903","1","ᛠᛗᛞ",269
"ru'd","901","1","ᚱᚢᛞ",103
"wea'th","893","1","ᚹᛠᚦ",133
"en'n","893","1","ᛖᚾᚾ",125
"gr'n","891","1","ᚷᚱᚾ",57
"dea'th","889","1","ᛞᛠᚦ",203
"yn't","888","1","ᚣᚾᛏ",191
"deo'd","887","1","ᛞᛇᛞ",219
"ay'd","882","1","ᚪᚣᛞ",289
"re't","875","1","ᚱᛖᛏ",137
"eu't","874","1","ᛖᚢᛏ",129
"thi't","872","1","ᚦᛁᛏ",95
"hu'd","867","1","ᚻᚢᛞ",115
"ov't","866","1","ᚩᚢᛏ",69
"mn'd","863","1","ᛗᚾᛞ",189
"al'n","863","1","ᚪᛚᚾ",199
"hing'd","856","1","ᚻᛝᛞ",191
"tn'n","855","1","ᛏᚾᚾ",117
"cy'd","855","1","ᚳᚣᛞ",205
"er's","849","1","ᛖᚱᛋ",131
"pe'n","848","1","ᛈᛖᚾ",139
"hu'n","848","1","ᚻᚢᚾ",55
"in'th","847","1","ᛁᚾᚦ",65
"mm'n","846","1","ᛗᛗᚾ",171
"sea'n","844","1","ᛋᛠᚾ",191
"ru'n","841","1","ᚱᚢᚾ",43
"em't","841","1","ᛖᛗᛏ",197
"vi'd","837","1","ᚢᛁᛞ",123
"bi'd","837","1","ᛒᛁᛞ",181
"ns'd","836","1","ᚾᛋᛞ",171
"so's","835","1","ᛋᚩᛋ",113
"sl'n","834","1","ᛋᛚᚾ",155
"pt'd","834","1","ᛈᛏᛞ",191
"dea't","829","1","ᛞᛠᛏ",257
"pr'd","828","1","ᛈᚱᛞ",143
"os'd","824","1","ᚩᛋᛞ",149
"te't","821","1","ᛏᛖᛏ",185
"gn'd","818","1","ᚷᚾᛞ",135
"gae'd","817","1","ᚷᚫᛞ",207
"fa'd","815","1","ᚠᚪᛞ",188
"tv's","808","1","ᛏᚢᛋ",115
"ry'n","806","1","ᚱᚣᚾ",143
"ra't","804","1","ᚱᚪᛏ",167
"me'th","804","1","ᛗᛖᚦ",143
"ce'd","803","1","ᚳᛖᛞ",169
"br'n","800","1","ᛒᚱᚾ",101
"of'd","798","1","ᚩᚠᛞ",98
"wz't","797","1","ᚹᛋᛏ",131
"kh'n","795","1","ᚳᚻᚾ",65
"sl't","792","1","ᛋᛚᛏ",185
"iv'd","791","1","ᛁᚢᛞ",123
"ct'd","791","1","ᚳᛏᛞ",161
"pt't","786","1","ᛈᛏᛏ",161
"tt'd","785","1","ᛏᛏᛞ",207
"ring's","783","1","ᚱᛝᛋ",143
"tl'n","775","1","ᛏᛚᚾ",161
"uv'd","772","1","ᚢᚢᛞ",95
"aa'n","771","1","ᚪᚪᚾ",223
"vi't","769","1","ᚢᛁᛏ",93
"um'd","769","1","ᚢᛗᛞ",163
"lea'd","763","1","ᛚᛠᛞ",271
"lo'th","757","1","ᛚᚩᚦ",85
"ki'n","751","1","ᚳᛁᚾ",73
"qc'd","746","1","ᚳᚳᛞ",115
"of'th","745","1","ᚩᚠᚦ",14
"go't","742","1","ᚷᚩᛏ",83
"ir'd","741","1","ᛁᚱᛞ",131
"zh'n","740","1","ᛋᚻᚾ",105
"ze'd","739","1","ᛋᛖᛞ",209
"te'd","736","1","ᛏᛖᛞ",215
"lm'd","733","1","ᛚᛗᛞ",233
"ap'n","733","1","ᚪᛈᚾ",169
"ye'n","726","1","ᚣᛖᚾ",199
"gi'd","726","1","ᚷᛁᛞ",137
"le'n","725","1","ᛚᛖᚾ",169
"ve'n","724","1","ᚢᛖᚾ",99
"ri'n","722","1","ᚱᛁᚾ",71
"ph'd","721","1","ᛈᚻᛞ",155
"mt't","719","1","ᛗᛏᛏ",189
"ya'n","718","1","ᚣᚪᚾ",229
"mo'th","717","1","ᛗᚩᚦ",83
"ht'd","713","1","ᚻᛏᛞ",171
"na'd","712","1","ᚾᚪᛞ",215
"vo'd","710","1","ᚢᚩᛞ",99
"ka't","708","1","ᚳᚪᛏ",169
"mo's","706","1","ᛗᚩᛋ",131
"fa't","705","1","ᚠᚪᛏ",158
"leo'd","702","1","ᛚᛇᛞ",203
"od's","701","1","ᚩᛞᛋ",149
"ih'd","701","1","ᛁᚻᛞ",143
"eas't","701","1","ᛠᛋᛏ",221
"nn't","694","1","ᚾᚾᛏ",117
"az'n","693","1","ᚪᛋᚾ",179
"ad't","693","1","ᚪᛞᛏ",245
"sing't","691","1","ᛋᛝᛏ",191
"vo't","688","1","ᚢᚩᛏ",69
"lz't","687","1","ᛚᛋᛏ",185
"ci'n","686","1","ᚳᛁᚾ",73
"cd't","685","1","ᚳᛞᛏ",161
"tp'd","682","1","ᛏᛈᛞ",191
"id'n","682","1","ᛁᛞᚾ",149
"ve't","679","1","ᚢᛖᛏ",129
"sk'n","679","1","ᛋᚳᚾ",95
"wr't","678","1","ᚹᚱᛏ",89
"ad's","677","1","ᚪᛞᛋ",239
"du't","675","1","ᛞᚢᛏ",151
"lo's","670","1","ᛚᚩᛋ",133
"sing'n","669","1","ᛋᛝᚾ",161
"in's","665","1","ᛁᚾᛋ",113
"dk'd","665","1","ᛞᚳᛞ",191
"ao'd","663","1","ᚪᚩᛞ",193
"fl'd","661","1","ᚠᛚᛞ",164
"ts't","659","1","ᛏᛋᛏ",171
"ix'd","657","1","ᛁᛉᛞ",167
"dl'd","657","1","ᛞᛚᛞ",251
"al's","657","1","ᚪᛚᛋ",223
"um'n","655","1","ᚢᛗᚾ",103
"ding'd","653","1","ᛞᛝᛞ",257
"lu'n","650","1","ᛚᚢᚾ",105
"fy'd","650","1","ᚠᚣᛞ",194
"el't","650","1","ᛖᛚᛏ",199
"ty't","648","1","ᛏᚣᛏ",221
"ko'n","648","1","ᚳᚩᚾ",49
"sn'd","643","1","ᛋᚾᛞ",171
"di't","643","1","ᛞᛁᛏ",179
"ri'd","639","1","ᚱᛁᛞ",131
"hi't","639","1","ᚻᛁᛏ",113
"al'th","638","1","ᚪᛚᚦ",175
"om't","635","1","ᚩᛗᛏ",137
"vv'th","634","1","ᚢᚢᚦ",11
"po'n","634","1","ᛈᚩᚾ",79
"gi's","632","1","ᚷᛁᛋ",101
"tr't","631","1","ᛏᚱᛏ",129
"wu'th","629","1","ᚹᚢᚦ",27
"rt'd","629","1","ᚱᛏᛞ",159
"ka'n","629","1","ᚳᚪᚾ",139
"ry'd","628","1","ᚱᚣᛞ",203
"iu't","627","1","ᛁᚢᛏ",93
"iz'd","626","1","ᛁᛋᛞ",173
"or'n","622","1","ᚩᚱᚾ",47
"eu's","622","1","ᛖᚢᛋ",123
"qa'd","621","1","ᚳᚪᛞ",199
"un'n","620","1","ᚢᚾᚾ",61
"om'n","618","1","ᚩᛗᚾ",107
"bv't","618","1","ᛒᚢᛏ",123
"aes't","616","1","ᚫᛋᛏ",213
"af't","610","1","ᚪᚠᛏ",158
"ob'd","607","1","ᚩᛒᛞ",157
"wo'n","605","1","ᚹᚩᚾ",55
"mu'd","602","1","ᛗᚢᛞ",163
"bt't","600","1","ᛒᛏᛏ",179
"nn'd","598","1","ᚾᚾᛞ",147
"cm't","596","1","ᚳᛗᛏ",143
"vo'n","595","1","ᚢᚩᚾ",39
"et't","594","1","ᛖᛏᛏ",185
"dd'd","593","1","ᛞᛞᛞ",267
"up't","591","1","ᚢᛈᛏ",105
"dm't","589","1","ᛞᛗᛏ",219
"ft't","586","1","ᚠᛏᛏ",120
"pr'n","585","1","ᛈᚱᚾ",83
"hn'd","584","1","ᚻᚾᛞ",141
"eon't","584","1","ᛇᚾᛏ",129
"ev'd","582","1","ᛖᚢᛞ",159
"cm's","578","1","ᚳᛗᛋ",137
"na'th","575","1","ᚾᚪᚦ",131
"ei't","575","1","ᛖᛁᛏ",157
"pf't","574","1","ᛈᚠᛏ",104
"oep't","574","1","ᛟᛈᛏ",185
"ek't","573","1","ᛖᚳᛏ",139
"mi's","572","1","ᛗᛁᛋ",155
"ak'd","571","1","ᚪᚳᛞ",199
"wz'th","570","1","ᚹᛋᚦ",77
"toe'd","570","1","ᛏᛟᛞ",231
"il'n","570","1","ᛁᛚᚾ",133
"eh'd","568","1","ᛖᚻᛞ",179
"ci'd","565","1","ᚳᛁᛞ",133
"nt't","563","1","ᚾᛏᛏ",147
"cl'n","563","1","ᚳᛚᚾ",115
"sea'd","560","1","ᛋᛠᛞ",251
"dq'd","560","1","ᛞᚳᛞ",191
"gt'd","558","1","ᚷᛏᛞ",165
"ek'd","555","1","ᛖᚳᛞ",169
"nm'd","552","1","ᚾᛗᛞ",189
"sc'n","551","1","ᛋᚳᚾ",95
"eob't","551","1","ᛇᛒᛏ",161
"ln'd","550","1","ᛚᚾᛞ",191
"bing'd","547","1","ᛒᛝᛞ",229
"theo'd","545","1","ᚦᛇᛞ",135
"lu't","545","1","ᛚᚢᛏ",135
"ei'n","545","1","ᛖᛁᚾ",127
"cp't","545","1","ᚳᛈᛏ",115
"rm'd","542","1","ᚱᛗᛞ",171
"av'd","542","1","ᚪᚢᛞ",189
"em's","541","1","ᛖᛗᛋ",191
"ov'n","538","1","ᚩᚢᚾ",39
"tl'd","535","1","ᛏᛚᛞ",221
"aec't","534","1","ᚫᚳᛏ",173
"sw'n","531","1","ᛋᚹᚾ",101
"om'd","526","1","ᚩᛗᛞ",167
"thing's","524","1","ᚦᛝᛋ",137
"ju't","523","1","ᛂᚢᛏ",99
"wn'd","522","1","ᚹᚾᛞ",137
"rm'n","521","1","ᚱᛗᚾ",111
"ed't","521","1","ᛖᛞᛏ",215
"me's","519","1","ᛗᛖᛋ",191
"nm't","518","1","ᚾᛗᛏ",159
"lp's","517","1","ᛚᛈᛋ",169
"ni'd","515","1","ᚾᛁᛞ",149
"ul't","512","1","ᚢᛚᛏ",135
"pi'n","512","1","ᛈᛁᚾ",103
"oth't","511","1","ᚩᚦᛏ",71
"ce't","511","1","ᚳᛖᛏ",139
"mz'n","508","1","ᛗᛋᚾ",153
"hq'd","508","1","ᚻᚳᛞ",125
"lt's","507","1","ᛚᛏᛋ",185
"ha'th","507","1","ᚻᚪᚦ",125
"pn't","504","1","ᛈᚾᛏ",131
"no's","504","1","ᚾᚩᛋ",89
"pl'n","503","1","ᛈᛚᚾ",145
"lu'd","501","1","ᛚᚢᛞ",165
"ef't","497","1","ᛖᚠᛏ",128
"do'th","497","1","ᛞᚩᚦ",101
"bi'n","497","1","ᛒᛁᚾ",121
"moe't","492","1","ᛗᛟᛏ",213
"ii's","492","1","ᛁᛁᛋ",115
"pm'd","491","1","ᛈᛗᛞ",203
"bm'n","491","1","ᛒᛗᚾ",161
"li's","490","1","ᛚᛁᛋ",157
"kv'n","490","1","ᚳᚢᚾ",45
"aeth's","489","1","ᚫᚦᛋ",159
"cr'd","486","1","ᚳᚱᛞ",113
"wc'd","485","1","ᚹᚳᛞ",121
"et'n","483","1","ᛖᛏᚾ",155
"sp't","481","1","ᛋᛈᛏ",155
"dea'd","481","1","ᛞᛠᛞ",287
"rn'd","479","1","ᚱᚾᛞ",129
"ro't","478","1","ᚱᚩᛏ",77
"fl'n","478","1","ᚠᛚᚾ",104
"wl'th","475","1","ᚹᛚᚦ",97
"tr'd","473","1","ᛏᚱᛞ",159
"rc'd","473","1","ᚱᚳᛞ",113
"el'd","472","1","ᛖᛚᛞ",229
"ln'n","471","1","ᛚᚾᚾ",131
"vi'n","469","1","ᚢᛁᚾ",63
"tt'n","468","1","ᛏᛏᚾ",147
"ion'd","468","1","ᛡᚾᛞ",225
"sp'n","467","1","ᛋᛈᚾ",125
"dc'd","467","1","ᛞᚳᛞ",191
"an's","466","1","ᚪᚾᛋ",179
"im'n","465","1","ᛁᛗᚾ",131
"ga'd","465","1","ᚷᚪᛞ",203
"wt'd","463","1","ᚹᛏᛞ",167
"vi'th","461","1","ᚢᛁᚦ",39
"av'n","460","1","ᚪᚢᚾ",129
"aa't","460","1","ᚪᚪᛏ",253
"ew's","459","1","ᛖᚹᛋ",139
"ui'd","458","1","ᚢᛁᛞ",123
"hae'n","458","1","ᚻᚫᚾ",153
"eath's","458","1","ᛠᚦᛋ",167
"rz't","457","1","ᚱᛋᛏ",123
"ml'd","457","1","ᛗᛚᛞ",233
"di's","457","1","ᛞᛁᛋ",173
"tv'd","456","1","ᛏᚢᛞ",151
"kn'n","450","1","ᚳᚾᚾ",71
"ke'd","450","1","ᚳᛖᛞ",169
"pe'd","449","1","ᛈᛖᛞ",199
"ei'd","449","1","ᛖᛁᛞ",187
"lm'n","448","1","ᛚᛗᚾ",173
"je'n","447","1","ᛂᛖᚾ",133
"bm't","447","1","ᛒᛗᛏ",191
"nd't","446","1","ᚾᛞᛏ",177
"ir't","446","1","ᛁᚱᛏ",101
"oy'd","443","1","ᚩᚣᛞ",199
"rl'n","442","1","ᚱᛚᚾ",113
"nu't","442","1","ᚾᚢᛏ",91
"va't","441","1","ᚢᚪᛏ",159
"mm'd","439","1","ᛗᛗᛞ",231
"ri's","438","1","ᚱᛁᛋ",95
"doe's","438","1","ᛞᛟᛋ",225
"ad'n","438","1","ᚪᛞᚾ",215
"pp'd","437","1","ᛈᛈᛞ",175
"ru'th","436","1","ᚱᚢᚦ",19
"zoe'd","434","1","ᛋᛟᛞ",225
"ed's","433","1","ᛖᛞᛋ",209
"ov'd","432","1","ᚩᚢᛞ",99
"sz'n","431","1","ᛋᛋᚾ",135
"rt't","431","1","ᚱᛏᛏ",129
"oh't","430","1","ᚩᚻᛏ",89
"lt'n","429","1","ᛚᛏᚾ",161
"ic's","429","1","ᛁᚳᛋ",97
"aen't","429","1","ᚫᚾᛏ",189
"by'd","428","1","ᛒᚣᛞ",253
"leo's","427","1","ᛚᛇᛋ",167
"sz't","426","1","ᛋᛋᛏ",165
"roe'd","424","1","ᚱᛟᛞ",183
"pa's","422","1","ᛈᚪᛋ",193
"oo't","422","1","ᚩᚩᛏ",73
"et's","420","1","ᛖᛏᛋ",179
"dv'd","419","1","ᛞᚢᛞ",181
"aee't","418","1","ᚫᛖᛏ",227
"on'th","416","1","ᚩᚾᚦ",41
"ez't","415","1","ᛖᛋᛏ",179
"ko't","414","1","ᚳᚩᛏ",79
"sm'd","413","1","ᛋᛗᛞ",213
"wa's","411","1","ᚹᚪᛋ",169
"dm'd","411","1","ᛞᛗᛞ",249
"qu'n","410","1","ᚳᚹᚾ",61
"so'th","409","1","ᛋᚩᚦ",65
"pe't","409","1","ᛈᛖᛏ",169
"rn't","408","1","ᚱᚾᛏ",99
"ju'n","408","1","ᛂᚢᚾ",69
"sv't","406","1","ᛋᚢᛏ",115
"dl't","406","1","ᛞᛚᛏ",221
"bz'd","405","1","ᛒᛋᛞ",203
"am's","403","1","ᚪᛗᛋ",221
"iow'd","402","1","ᛡᚹᛞ",215
"tw'n","401","1","ᛏᚹᚾ",107
"dj's","401","1","ᛞᛂᛋ",179
"lz'n","400","1","ᛚᛋᚾ",155
"rv'd","398","1","ᚱᚢᛞ",103
"poe't","398","1","ᛈᛟᛏ",185
"qu't","397","1","ᚳᚹᛏ",91
"ke't","397","1","ᚳᛖᛏ",139
"gt'n","397","1","ᚷᛏᚾ",105
"sea's","396","1","ᛋᛠᛋ",215
"the'th","395","1","ᚦᛖᚦ",77
"sc't","395","1","ᛋᚳᛏ",125
"rd'd","395","1","ᚱᛞᛞ",189
"eai'th","394","1","ᛠᛁᚦ",145
"png'd","391","1","ᛈᛝᛞ",211
"eng'n","391","1","ᛖᛝᚾ",175
"nt'n","390","1","ᚾᛏᚾ",117
"om's","389","1","ᚩᛗᛋ",131
"ij'th","389","1","ᛁᛂᚦ",73
"nm'th","387","1","ᚾᛗᚦ",105
"yu'n","386","1","ᚣᚢᚾ",135
"cae'n","385","1","ᚳᚫᚾ",143
"rp't","384","1","ᚱᛈᛏ",113
"hn't","384","1","ᚻᚾᛏ",111
"el'n","384","1","ᛖᛚᚾ",169
"rn'n","382","1","ᚱᚾᚾ",69
"thi'n","381","1","ᚦᛁᚾ",65
"rae'd","380","1","ᚱᚫᛞ",201
"sr'd","375","1","ᛋᚱᛞ",153
"fo's","375","1","ᚠᚩᛋ",62
"dl'n","375","1","ᛞᛚᚾ",191
"dea'n","375","1","ᛞᛠᚾ",227
"wt't","374","1","ᚹᛏᛏ",137
"az'd","373","1","ᚪᛋᛞ",239
"thn't","370","1","ᚦᚾᛏ",93
"ear'n","370","1","ᛠᚱᚾ",149
"oc't","368","1","ᚩᚳᛏ",79
"tz'n","366","1","ᛏᛋᚾ",141
"bb'd","366","1","ᛒᛒᛞ",211
"ow't","365","1","ᚩᚹᛏ",85
"ui't","362","1","ᚢᛁᛏ",93
"iv'n","361","1","ᛁᚢᚾ",63
"fi's","361","1","ᚠᛁᛋ",86
"hoe't","360","1","ᚻᛟᛏ",165
"ju'd","359","1","ᛂᚢᛞ",129
"gd'n","358","1","ᚷᛞᚾ",135
"cn'n","358","1","ᚳᚾᚾ",71
"yo't","356","1","ᚣᚩᛏ",169
"rz'n","356","1","ᚱᛋᚾ",93
"sw'd","355","1","ᛋᚹᛞ",161
"poe's","355","1","ᛈᛟᛋ",179
"dr'n","355","1","ᛞᚱᚾ",129
"aee'n","350","1","ᚫᛖᚾ",197
"mm't","348","1","ᛗᛗᛏ",201
"mea'n","348","1","ᛗᛠᚾ",209
"gh'n","347","1","ᚷᚻᚾ",69
"rm't","343","1","ᚱᛗᛏ",141
"ra'th","343","1","ᚱᚪᚦ",113
"cb'd","341","1","ᚳᛒᛞ",163
"il'th","340","1","ᛁᛚᚦ",109
"yi'n","338","1","ᚣᛁᚾ",163
"nu'd","338","1","ᚾᚢᛞ",121
"tz't","337","1","ᛏᛋᛏ",171
"iou's","336","1","ᛡᚢᛋ",163
"ht't","336","1","ᚻᛏᛏ",141
"eav'n","336","1","ᛠᚢᚾ",141
"dr'd","336","1","ᛞᚱᛞ",189
"te's","335","1","ᛏᛖᛋ",179
"sa's","335","1","ᛋᚪᛋ",203
"lm't","335","1","ᛚᛗᛏ",203
"ih't","335","1","ᛁᚻᛏ",113
"sy'd","334","1","ᛋᚣᛞ",245
"tm't","333","1","ᛏᛗᛏ",189
"ay's","333","1","ᚪᚣᛋ",253
"ic't","331","1","ᛁᚳᛏ",103
"gu'd","329","1","ᚷᚢᛞ",109
"ft'n","329","1","ᚠᛏᚾ",90
"vn't","328","1","ᚢᚾᛏ",91
"lea't","328","1","ᛚᛠᛏ",241
"po's","327","1","ᛈᚩᛋ",103
"ph'n","325","1","ᛈᚻᚾ",95
"fc't","325","1","ᚠᚳᛏ",74
"ck'd","324","1","ᚳᚳᛞ",115
"ll's","323","1","ᛚᛚᛋ",199
"ew'd","323","1","ᛖᚹᛞ",175
"bi'th","323","1","ᛒᛁᚦ",97
"ct'n","322","1","ᚳᛏᚾ",101
"dp's","321","1","ᛞᛈᛋ",185
"de'th","321","1","ᛞᛖᚦ",161
"wing's","320","1","ᚹᛝᛋ",151
"km't","320","1","ᚳᛗᛏ",143
"fr'n","320","1","ᚠᚱᚾ",42
"bs'd","320","1","ᛒᛋᛞ",203
"loe'd","319","1","ᛚᛟᛞ",245
"ji't","319","1","ᛂᛁᛏ",127
"eq't","319","1","ᛖᚳᛏ",139
"ru't","318","1","ᚱᚢᛏ",73
"dy't","318","1","ᛞᚣᛏ",251
"nc'd","317","1","ᚾᚳᛞ",131
"ge's","317","1","ᚷᛖᛋ",137
"dy'n","317","1","ᛞᚣᚾ",221
"ly'n","316","1","ᛚᚣᚾ",205
"hm't","316","1","ᚻᛗᛏ",153
"ji'n","315","1","ᛂᛁᚾ",97
"cd'd","315","1","ᚳᛞᛞ",191
"ce'n","314","1","ᚳᛖᚾ",109
"ah'n","314","1","ᚪᚻᚾ",149
"gn't","313","1","ᚷᚾᛏ",105
"nd'n","312","1","ᚾᛞᚾ",147
"em'n","312","1","ᛖᛗᚾ",167
"bc'd","312","1","ᛒᚳᛞ",163
"sg'd","311","1","ᛋᚷᛞ",159
"pm'n","310","1","ᛈᛗᚾ",143
"oc'd","310","1","ᚩᚳᛞ",109
"gl'n","310","1","ᚷᛚᚾ",119
"cr'n","310","1","ᚳᚱᚾ",53
"ul'd","309","1","ᚢᛚᛞ",165
"tea't","309","1","ᛏᛠᛏ",227
"sn'n","309","1","ᛋᚾᚾ",111
"ye's","308","1","ᚣᛖᛋ",223
"wt'th","307","1","ᚹᛏᚦ",83
"wm'd","306","1","ᚹᛗᛞ",179
"sl'd","306","1","ᛋᛚᛞ",215
"pu'n","305","1","ᛈᚢᚾ",75
"vo's","304","1","ᚢᚩᛋ",63
"lea's","304","1","ᛚᛠᛋ",235
"if'd","304","1","ᛁᚠᛞ",122
"ut't","303","1","ᚢᛏᛏ",121
"dz'n","303","1","ᛞᛋᚾ",171
"deo't","303","1","ᛞᛇᛏ",189
"to's","302","1","ᛏᚩᛋ",119
"pn'd","302","1","ᛈᚾᛞ",161
"iv'th","302","1","ᛁᚢᚦ",39
"ho's","302","1","ᚻᚩᛋ",83
"fm'd","302","1","ᚠᛗᛞ",162
"ii'th","301","1","ᛁᛁᚦ",67
"on's","299","1","ᚩᚾᛋ",89
"ceo's","299","1","ᚳᛇᛋ",107
"si's","298","1","ᛋᛁᛋ",137
"ian's","298","1","ᛡᚾᛋ",189
"vt'd","297","1","ᚢᛏᛞ",151
"thu'd","297","1","ᚦᚢᛞ",97
"nx'd","297","1","ᚾᛉᛞ",165
"re's","296","1","ᚱᛖᛋ",131
"mn'n","296","1","ᛗᚾᚾ",129
"ki't","296","1","ᚳᛁᛏ",103
"ip'n","296","1","ᛁᛈᚾ",103
"tv'n","295","1","ᛏᚢᚾ",91
"mea't","295","1","ᛗᛠᛏ",239
"wo's","294","1","ᚹᚩᛋ",79
"wm't","292","1","ᚹᛗᛏ",149
"jo's","290","1","ᛂᚩᛋ",97
"ec't","290","1","ᛖᚳᛏ",139
"nl't","289","1","ᚾᛚᛏ",161
"rl'th","288","1","ᚱᛚᚦ",89
"pp't","288","1","ᛈᛈᛏ",145
"bi's","288","1","ᛒᛁᛋ",145
"sio'n","286","1","ᛋᛡᚾ",189
"ear'th","286","1","ᛠᚱᚦ",125
"tu't","285","1","ᛏᚢᛏ",121
"ab'n","285","1","ᚪᛒᚾ",187
"rr't","284","1","ᚱᚱᛏ",81
"ac'n","284","1","ᚪᚳᚾ",139
"sm'n","283","1","ᛋᛗᚾ",153
"rt'n","283","1","ᚱᛏᚾ",99
"rd'n","283","1","ᚱᛞᚾ",129
"pj's","283","1","ᛈᛂᛋ",133
"doe'd","283","1","ᛞᛟᛞ",261
"go's","282","1","ᚷᚩᛋ",77
"thing'n","281","1","ᚦᛝᚾ",113
"ga't","281","1","ᚷᚪᛏ",173
"ff'd","281","1","ᚠᚠᛞ",93
"mz't","280","1","ᛗᛋᛏ",183
"gl't","280","1","ᚷᛚᛏ",149
"ny'd","279","1","ᚾᚣᛞ",221
"aw'n","278","1","ᚪᚹᚾ",145
"ue'd","277","1","ᚢᛖᛞ",159
"bh'd","277","1","ᛒᚻᛞ",173
"rl'd","276","1","ᚱᛚᛞ",173
"king'n","276","1","ᚳᛝᚾ",121
"cu'n","276","1","ᚳᚢᚾ",45
"ox's","275","1","ᚩᛉᛋ",107
"nm'n","275","1","ᚾᛗᚾ",129
"lg't","274","1","ᛚᚷᛏ",149
"ian'd","274","1","ᛡᚾᛞ",225
"cf's","274","1","ᚳᚠᛋ",68
"ke'n","272","1","ᚳᛖᚾ",109
"bn'n","272","1","ᛒᚾᚾ",119
"ngo's","271","1","ᛝᚩᛋ",139
"nea't","271","1","ᚾᛠᛏ",197
"ut'd","270","1","ᚢᛏᛞ",151
"yi't","269","1","ᚣᛁᛏ",193
"an'th","268","1","ᚪᚾᚦ",131
"ri'th","267","1","ᚱᛁᚦ",47
"mia'd","267","1","ᛗᛡᛞ",267
"kl'n","267","1","ᚳᛚᚾ",115
"lea'n","266","1","ᛚᛠᚾ",211
"pc's","265","1","ᛈᚳᛋ",109
"kz'n","265","1","ᚳᛋᚾ",95
"aw't","265","1","ᚪᚹᛏ",175
"im'th","264","1","ᛁᛗᚦ",107
"dx'd","264","1","ᛞᛉᛞ",225
"oa'd","263","1","ᚩᚪᛞ",193
"el's","263","1","ᛖᛚᛋ",193
"cm'n","263","1","ᚳᛗᚾ",113
"thh'd","262","1","ᚦᚻᛞ",117
"tae't","262","1","ᛏᚫᛏ",219
"fv'n","262","1","ᚠᚢᚾ",34
"dp'd","262","1","ᛞᛈᛞ",221
"dd't","261","1","ᛞᛞᛏ",237
"eat'd","260","1","ᛠᛏᛞ",257
"dz't","260","1","ᛞᛋᛏ",201
"gc'd","259","1","ᚷᚳᛞ",119
"et'd","259","1","ᛖᛏᛞ",215
"aj'd","257","1","ᚪᛂᛞ",223
"ot'd","256","1","ᚩᛏᛞ",155
"ah't","256","1","ᚪᚻᛏ",179
"vz't","255","1","ᚢᛋᛏ",115
"vu'd","255","1","ᚢᚢᛞ",95
"ol'th","255","1","ᚩᛚᚦ",85
"ts'n","253","1","ᛏᛋᚾ",141
"sea't","253","1","ᛋᛠᛏ",221
"rx'd","253","1","ᚱᛉᛞ",147
"gm't","253","1","ᚷᛗᛏ",147
"ck'n","253","1","ᚳᚳᚾ",55
"sc'd","252","1","ᛋᚳᛞ",155
"le's","251","1","ᛚᛖᛋ",193
"zz'n","249","1","ᛋᛋᚾ",135
"mw'd","249","1","ᛗᚹᛞ",179
"dt't","249","1","ᛞᛏᛏ",207
"jr's","248","1","ᛂᚱᛋ",101
"cr's","248","1","ᚳᚱᛋ",77
"va'd","247","1","ᚢᚪᛞ",189
"gl'd","247","1","ᚷᛚᛞ",179
"ff't","247","1","ᚠᚠᛏ",63
"dn'd","247","1","ᛞᚾᛞ",207
"id's","246","1","ᛁᛞᛋ",173
"fia'd","246","1","ᚠᛡᛞ",198
"vi's","245","1","ᚢᛁᛋ",87
"sae'd","245","1","ᛋᚫᛞ",243
"bn'd","245","1","ᛒᚾᛞ",179
"sb't","242","1","ᛋᛒᛏ",173
"hm'd","242","1","ᚻᛗᛞ",183
"tb't","241","1","ᛏᛒᛏ",179
"db'd","241","1","ᛞᛒᛞ",239
"cm'd","241","1","ᚳᛗᛞ",173
"vz's","240","1","ᚢᛋᛋ",109
"wu't","239","1","ᚹᚢᛏ",81
"dr's","238","1","ᛞᚱᛋ",153
"mp's","236","1","ᛗᛈᛋ",167
"vt't","235","1","ᚢᛏᛏ",121
"vn'n","234","1","ᚢᚾᚾ",61
"rn's","234","1","ᚱᚾᛋ",93
"ip'd","234","1","ᛁᛈᛞ",163
"pt'n","233","1","ᛈᛏᚾ",131
"ax'n","233","1","ᚪᛉᚾ",173
"os't","232","1","ᚩᛋᛏ",119
"ip't","232","1","ᛁᛈᛏ",133
"eat's","231","1","ᛠᛏᛋ",221
"af'n","231","1","ᚪᚠᚾ",128
"cc't","230","1","ᚳᚳᛏ",85
"ku'n","229","1","ᚳᚢᚾ",45
"ao't","229","1","ᚪᚩᛏ",163
"nw'n","227","1","ᚾᚹᚾ",77
"yt't","226","1","ᚣᛏᛏ",221
"wa'th","226","1","ᚹᚪᚦ",121
"dt'd","226","1","ᛞᛏᛞ",237
"bl'n","226","1","ᛒᛚᚾ",163
"wh'd","225","1","ᚹᚻᛞ",131
"tht't","225","1","ᚦᛏᛏ",123
"mr'n","222","1","ᛗᚱᚾ",111
"za'n","220","1","ᛋᚪᚾ",179
"le'th","220","1","ᛚᛖᚦ",145
"rr'd","219","1","ᚱᚱᛞ",111
"ql'd","219","1","ᚳᛚᛞ",175
"mk't","219","1","ᛗᚳᛏ",143
"mr'd","218","1","ᛗᚱᛞ",171
"fu't","218","1","ᚠᚢᛏ",64
"aae'n","217","1","ᚪᚫᚾ",227
"ml'n","216","1","ᛗᛚᚾ",173
"if's","216","1","ᛁᚠᛋ",86
"thea'd","215","1","ᚦᛠᛞ",203
"fn't","215","1","ᚠᚾᛏ",90
"eau's","215","1","ᛠᚢᛋ",165
"sd'n","214","1","ᛋᛞᚾ",171
"un's","213","1","ᚢᚾᛋ",85
"rl't","213","1","ᚱᛚᛏ",143
"nae't","213","1","ᚾᚫᛏ",189
"hae'd","213","1","ᚻᚫᛞ",213
"ft'd","213","1","ᚠᛏᛞ",150
"tho'd","212","1","ᚦᚩᛞ",101
"iov't","212","1","ᛡᚢᛏ",169
"gv't","212","1","ᚷᚢᛏ",79
"eac'n","212","1","ᛠᚳᚾ",151
"lh'th","211","1","ᛚᚻᚦ",101
"ung't","210","1","ᚢᛝᛏ",141
"vu'th","209","1","ᚢᚢᚦ",11
"oet's","209","1","ᛟᛏᛋ",195
"lu'th","209","1","ᛚᚢᚦ",81
"bc't","209","1","ᛒᚳᛏ",133
"tp't","208","1","ᛏᛈᛏ",161
"pp'n","208","1","ᛈᛈᚾ",115
"hm'n","208","1","ᚻᛗᚾ",123
"oem'd","207","1","ᛟᛗᛞ",243
"lia'd","207","1","ᛚᛡᛞ",269
"ki'd","207","1","ᚳᛁᛞ",133
"ma'th","206","1","ᛗᚪᚦ",173
"eau't","206","1","ᛠᚢᛏ",171
"wr'th","205","1","ᚹᚱᚦ",35
"jl'n","205","1","ᛂᛚᚾ",139
"tn'd","204","1","ᛏᚾᛞ",177
"ni'th","204","1","ᚾᛁᚦ",65
"ig'd","204","1","ᛁᚷᛞ",137
"ib'th","204","1","ᛁᛒᚦ",97
"eb'd","204","1","ᛖᛒᛞ",217
"ear's","204","1","ᛠᚱᛋ",173
"we's","203","1","ᚹᛖᛋ",139
"oi'th","203","1","ᚩᛁᚦ",43
"lr'n","203","1","ᛚᚱᚾ",113
"pc'd","202","1","ᛈᚳᛞ",145
"cf'd","202","1","ᚳᚠᛞ",104
"mae'd","201","1","ᛗᚫᛞ",261
"iu'n","201","1","ᛁᚢᚾ",63
"ih'n","201","1","ᛁᚻᚾ",83
"gt't","201","1","ᚷᛏᛏ",135
"bd'd","201","1","ᛒᛞᛞ",239
"ax't","201","1","ᚪᛉᛏ",203
"sw't","200","1","ᛋᚹᛏ",131
"im's","200","1","ᛁᛗᛋ",155
"ic'n","200","1","ᛁᚳᚾ",73
"vm'd","199","1","ᚢᛗᛞ",163
"ua'd","198","1","ᚢᚪᛞ",189
"nb't","198","1","ᚾᛒᛏ",149
"dp't","198","1","ᛞᛈᛏ",191
"lq't","196","1","ᛚᚳᛏ",145
"ld'd","196","1","ᛚᛞᛞ",251
"oc'n","194","1","ᚩᚳᚾ",49
"ge'd","194","1","ᚷᛖᛞ",173
"dz'd","194","1","ᛞᛋᛞ",231
"np't","193","1","ᚾᛈᛏ",131
"hl't","193","1","ᚻᛚᛏ",155
"tu'd","192","1","ᛏᚢᛞ",151
"rs't","192","1","ᚱᛋᛏ",123
"ka'd","192","1","ᚳᚪᛞ",199
"iong'd","192","1","ᛡᛝᛞ",275
"dr't","192","1","ᛞᚱᛏ",159
"oa't","191","1","ᚩᚪᛏ",163
"my't","191","1","ᛗᚣᛏ",233
"ik't","191","1","ᛁᚳᛏ",103
"aia't","191","1","ᚪᛡᛏ",263
"ot'th","189","1","ᚩᛏᚦ",71
"df'd","189","1","ᛞᚠᛞ",180
"hh'd","188","1","ᚻᚻᛞ",135
"wm'n","187","1","ᚹᛗᚾ",119
"ht'n","187","1","ᚻᛏᚾ",111
"cc's","187","1","ᚳᚳᛋ",79
"ar's","187","1","ᚪᚱᛋ",161
"da'th","186","1","ᛞᚪᚦ",191
"ar'th","186","1","ᚪᚱᚦ",113
"nl'd","185","1","ᚾᛚᛞ",191
"iq's","185","1","ᛁᚳᛋ",97
"be's","185","1","ᛒᛖᛋ",181
"lt'th","184","1","ᛚᛏᚦ",137
"sr't","183","1","ᛋᚱᛏ",123
"hoe'd","183","1","ᚻᛟᛞ",195
"thu't","182","1","ᚦᚢᛏ",67
"xi'n","181","1","ᛉᛁᚾ",107
"gm'n","181","1","ᚷᛗᚾ",117
"tho'n","180","1","ᚦᚩᚾ",41
"iou'd","180","1","ᛡᚢᛞ",199
"eal'd","180","1","ᛠᛚᛞ",271
"az't","180","1","ᚪᛋᛏ",209
"wn'th","179","1","ᚹᚾᚦ",53
"wl'n","179","1","ᚹᛚᚾ",121
"rd's","179","1","ᚱᛞᛋ",153
"lf't","179","1","ᛚᚠᛏ",134
"il's","179","1","ᛁᛚᛋ",157
"fn'th","179","1","ᚠᚾᚦ",36
"aea'n","179","1","ᚫᚪᚾ",227
"ui'th","178","1","ᚢᛁᚦ",39
"toe't","178","1","ᛏᛟᛏ",201
"pa'th","178","1","ᛈᚪᚦ",145
"da's","178","1","ᛞᚪᛋ",239
"oa'th","177","1","ᚩᚪᚦ",109
"hi's","177","1","ᚻᛁᛋ",107
"tc'd","176","1","ᛏᚳᛞ",161
"ro's","176","1","ᚱᚩᛋ",71
"lx'd","176","1","ᛚᛉᛞ",209
"nt's","175","1","ᚾᛏᛋ",141
"hea'n","175","1","ᚻᛠᚾ",161
"ee's","175","1","ᛖᛖᛋ",187
"bo's","175","1","ᛒᚩᛋ",121
"wu'n","174","1","ᚹᚢᚾ",51
"cs't","174","1","ᚳᛋᛏ",125
"ku't","173","1","ᚳᚢᛏ",75
"bea'd","173","1","ᛒᛠᛞ",259
"the's","172","1","ᚦᛖᛋ",125
"sk'd","170","1","ᛋᚳᛞ",155
"bt'd","170","1","ᛒᛏᛞ",209
"theo's","168","1","ᚦᛇᛋ",99
"rg't","168","1","ᚱᚷᛏ",87
"oec'd","168","1","ᛟᚳᛞ",185
"nh'd","168","1","ᚾᚻᛞ",141
"en'th","168","1","ᛖᚾᚦ",101
"tk'e","167","1","ᛏᚳᛖ",139
"thr't","167","1","ᚦᚱᛏ",75
"nd'd","167","1","ᚾᛞᛞ",207
"mp't","167","1","ᛗᛈᛏ",173
"gy't","167","1","ᚷᚣᛏ",179
"ya't","166","1","ᚣᚪᛏ",259
"xi't","166","1","ᛉᛁᛏ",137
"wl't","166","1","ᚹᛚᛏ",151
"uo't","165","1","ᚢᚩᛏ",69
"ne's","165","1","ᚾᛖᛋ",149
"vr'd","164","1","ᚢᚱᛞ",103
"kg'd","164","1","ᚳᚷᛞ",119
"thr'd","163","1","ᚦᚱᛞ",105
"thing't","163","1","ᚦᛝᛏ",143
"of's","163","1","ᚩᚠᛋ",62
"ln's","161","1","ᛚᚾᛋ",155
"ex's","161","1","ᛖᛉᛋ",167
"pf'd","160","1","ᛈᚠᛞ",134
"gc'n","160","1","ᚷᚳᚾ",59
"dt'n","160","1","ᛞᛏᚾ",177
"ig'n","159","1","ᛁᚷᚾ",77
"va's","157","1","ᚢᚪᛋ",153
"ms't","157","1","ᛗᛋᛏ",183
"lr't","157","1","ᛚᚱᛏ",143
"ja't","157","1","ᛂᚪᛏ",193
"fm'n","157","1","ᚠᛗᚾ",102
"cia's","157","1","ᚳᛡᛋ",173
"za't","155","1","ᛋᚪᛏ",209
"wt'n","155","1","ᚹᛏᚾ",107
"vp's","155","1","ᚢᛈᛋ",99
"la's","155","1","ᛚᚪᛋ",223
"fc'd","155","1","ᚠᚳᛞ",104
"tf'n","154","1","ᛏᚠᚾ",90
"qm'n","154","1","ᚳᛗᚾ",113
"pk't","154","1","ᛈᚳᛏ",115
"my'd","154","1","ᛗᚣᛞ",263
"jt't","154","1","ᛂᛏᛏ",155
"cz'n","154","1","ᚳᛋᚾ",95
"vf'd","153","1","ᚢᚠᛞ",94
"rs'd","153","1","ᚱᛋᛞ",153
"mn'th","153","1","ᛗᚾᚦ",105
"bea's","153","1","ᛒᛠᛋ",223
"vz'n","152","1","ᚢᛋᚾ",85
"tae'd","152","1","ᛏᚫᛞ",249
"rm's","152","1","ᚱᛗᛋ",135
"ie'n","152","1","ᛁᛖᚾ",127
"aae't","152","1","ᚪᚫᛏ",257
"wl'd","151","1","ᚹᛚᛞ",181
"uh'n","151","1","ᚢᚻᚾ",55
"tht'n","151","1","ᚦᛏᚾ",93
"op's","151","1","ᚩᛈᛋ",103
"ns'n","151","1","ᚾᛋᚾ",111
"lh't","151","1","ᛚᚻᛏ",155
"ean'd","151","1","ᛠᚾᛞ",227
"thy'd","150","1","ᚦᚣᛞ",197
"td'd","149","1","ᛏᛞᛞ",237
"nn'th","149","1","ᚾᚾᚦ",63
"ts'd","148","1","ᛏᛋᛞ",201
"mg'd","148","1","ᛗᚷᛞ",177
"gm'd","148","1","ᚷᛗᛞ",177
"gb'n","148","1","ᚷᛒᚾ",107
"ca's","148","1","ᚳᚪᛋ",163
"ut'n","147","1","ᚢᛏᚾ",91
"peo'n","147","1","ᛈᛇᚾ",113
"nr't","147","1","ᚾᚱᛏ",99
"nr'd","147","1","ᚾᚱᛞ",129
"tn's","146","1","ᛏᚾᛋ",141
"fe'th","146","1","ᚠᛖᚦ",74
"dm'n","146","1","ᛞᛗᚾ",189
"ping'd","145","1","ᛈᛝᛞ",211
"ie't","144","1","ᛁᛖᛏ",157
"hn'n","144","1","ᚻᚾᚾ",81
"bc'n","144","1","ᛒᚳᚾ",103
"ny't","143","1","ᚾᚣᛏ",191
"nga't","143","1","ᛝᚪᛏ",235
"uf'd","142","1","ᚢᚠᛞ",94
"ty's","142","1","ᛏᚣᛋ",215
"nr'n","142","1","ᚾᚱᚾ",69
"mz'd","142","1","ᛗᛋᛞ",213
"sr'n","140","1","ᛋᚱᚾ",93
"es'n","140","1","ᛖᛋᚾ",149
"vl'd","139","1","ᚢᛚᛞ",165
"oa'n","139","1","ᚩᚪᚾ",133
"ig's","139","1","ᛁᚷᛋ",101
"fx'd","139","1","ᚠᛉᛞ",138
"fc'n","139","1","ᚠᚳᚾ",44
"eing's","139","1","ᛖᛝᛋ",199
"tz'd","138","1","ᛏᛋᛞ",201
"dc's","138","1","ᛞᚳᛋ",155
"ms'n","137","1","ᛗᛋᚾ",153
"rv'n","136","1","ᚱᚢᚾ",43
"ox't","136","1","ᚩᛉᛏ",113
"iq'd","136","1","ᛁᚳᛞ",133
"es'd","136","1","ᛖᛋᛞ",209
"dn'n","136","1","ᛞᚾᚾ",147
"bm'd","136","1","ᛒᛗᛞ",221
"ang'd","136","1","ᚪᛝᛞ",265
"os'n","135","1","ᚩᛋᚾ",89
"ev't","135","1","ᛖᚢᛏ",129
"uc'd","134","1","ᚢᚳᛞ",105
"nc't","134","1","ᚾᚳᛏ",101
"ls'n","134","1","ᛚᛋᚾ",155
"ji'd","134","1","ᛂᛁᛞ",157
"ba's","134","1","ᛒᚪᛋ",211
"ak't","134","1","ᚪᚳᛏ",169
"ol's","133","1","ᚩᛚᛋ",133
"nga'n","133","1","ᛝᚪᚾ",205
"mae's","133","1","ᛗᚫᛋ",225
"gd't","133","1","ᚷᛞᛏ",165
"ei's","133","1","ᛖᛁᛋ",151
"ee't","133","1","ᛖᛖᛏ",193
"wz'n","132","1","ᚹᛋᚾ",101
"rr's","132","1","ᚱᚱᛋ",75
"np's","131","1","ᚾᛈᛋ",125
"ha's","131","1","ᚻᚪᛋ",173
"yea'th","130","1","ᚣᛠᚦ",217
"ws'd","130","1","ᚹᛋᛞ",161
"si'th","130","1","ᛋᛁᚦ",89
"ox'd","130","1","ᚩᛉᛞ",143
"ns't","130","1","ᚾᛋᛏ",141
"ml's","130","1","ᛗᛚᛋ",197
"hk'd","130","1","ᚻᚳᛞ",125
"fl's","130","1","ᚠᛚᛋ",128
"eap'n","130","1","ᛠᛈᚾ",181
"dh'a","130","1","ᛞᚻᚪ",209
"tae'n","129","1","ᛏᚫᚾ",189
"ld't","129","1","ᛚᛞᛏ",221
"or'th","128","1","ᚩᚱᚦ",23
"bv'n","128","1","ᛒᚢᚾ",93
"mc'n","127","1","ᛗᚳᚾ",113
"dg's","127","1","ᛞᚷᛋ",159
"zi'n","126","1","ᛋᛁᚾ",113
"tae's","126","1","ᛏᚫᛋ",213
"la'th","126","1","ᛚᚪᚦ",175
"ak'n","126","1","ᚪᚳᚾ",139
"vt'n","125","1","ᚢᛏᚾ",91
"ui'n","125","1","ᚢᛁᚾ",63
"tb'n","125","1","ᛏᛒᚾ",149
"oo's","125","1","ᚩᚩᛋ",67
"mp'n","125","1","ᛗᛈᚾ",143
"lio'd","125","1","ᛚᛡᛞ",269
"ath's","125","1","ᚪᚦᛋ",155
"tk't","124","1","ᛏᚳᛏ",131
"lc't","123","1","ᛚᚳᛏ",145
"eg'd","123","1","ᛖᚷᛞ",173
"wh'th","122","1","ᚹᚻᚦ",47
"vl't","122","1","ᚢᛚᛏ",135
"thi's","122","1","ᚦᛁᛋ",89
"rt'th","122","1","ᚱᛏᚦ",75
"fing'd","122","1","ᚠᛝᛞ",170
"eol'd","122","1","ᛇᛚᛞ",203
"ze'n","121","1","ᛋᛖᚾ",149
"vm'th","121","1","ᚢᛗᚦ",79
"tn'th","121","1","ᛏᚾᚦ",93
"pz't","121","1","ᛈᛋᛏ",155
"hr'd","121","1","ᚻᚱᛞ",123
"de's","121","1","ᛞᛖᛋ",209
"rv's","120","1","ᚱᚢᛋ",67
"je'd","120","1","ᛂᛖᛞ",193
"fn'd","120","1","ᚠᚾᛞ",120
"vl'n","119","1","ᚢᛚᚾ",105
"ul'n","119","1","ᚢᛚᚾ",105
"jj'd","119","1","ᛂᛂᛞ",163
"id't","119","1","ᛁᛞᛏ",179
"vm't","118","1","ᚢᛗᛏ",133
"uz't","118","1","ᚢᛋᛏ",115
"ta's","118","1","ᛏᚪᛋ",209
"pv'd","118","1","ᛈᚢᛞ",135
"lx'th","118","1","ᛚᛉᚦ",125
"ke'th","118","1","ᚳᛖᚦ",85
"gh't","117","1","ᚷᚻᛏ",99
"fn's","117","1","ᚠᚾᛋ",84
"ac'th","117","1","ᚪᚳᚦ",115
"xa't","116","1","ᛉᚪᛏ",203
"mf'n","116","1","ᛗᚠᚾ",102
"hi'th","116","1","ᚻᛁᚦ",59
"dw't","116","1","ᛞᚹᛏ",167
"zu't","115","1","ᛋᚢᛏ",115
"ur'n","115","1","ᚢᚱᚾ",43
"rea't","115","1","ᚱᛠᛏ",179
"iav'd","115","1","ᛡᚢᛞ",199
"ft's","115","1","ᚠᛏᛋ",114
"at'th","115","1","ᚪᛏᚦ",161
"yc'd","114","1","ᚣᚳᛞ",205
"nl'n","114","1","ᚾᛚᚾ",131
"gae'n","114","1","ᚷᚫᚾ",147
"fm'th","114","1","ᚠᛗᚦ",78
"st's","113","1","ᛋᛏᛋ",165
"rk'd","113","1","ᚱᚳᛞ",113
"ly'th","113","1","ᛚᚣᚦ",181
"iw'd","113","1","ᛁᚹᛞ",139
"ga's","113","1","ᚷᚪᛋ",167
"cio'n","113","1","ᚳᛡᚾ",149
"ai'th","113","1","ᚪᛁᚦ",133
"ls'th","112","1","ᛚᛋᚦ",131
"hy'n","112","1","ᚻᚣᚾ",155
"fa's","112","1","ᚠᚪᛋ",152
"uz'd","111","1","ᚢᛋᛞ",145
"thu'n","111","1","ᚦᚢᚾ",37
"sia'n","111","1","ᛋᛡᚾ",189
"moe'd","111","1","ᛗᛟᛞ",243
"mi'th","111","1","ᛗᛁᚦ",107
"lf'n","111","1","ᛚᚠᚾ",104
"kt't","111","1","ᚳᛏᛏ",131
"df't","111","1","ᛞᚠᛏ",150
"zoe's","110","1","ᛋᛟᛋ",189
"sk't","110","1","ᛋᚳᛏ",125
"ny'n","110","1","ᚾᚣᚾ",161
"iv't","110","1","ᛁᚢᛏ",93
"bu's","110","1","ᛒᚢᛋ",117
"zm't","109","1","ᛋᛗᛏ",183
"xv'th","109","1","ᛉᚢᚦ",55
"jl't","109","1","ᛂᛚᛏ",169
"gn'n","108","1","ᚷᚾᚾ",75
"cv'd","108","1","ᚳᚢᛞ",105
"ap's","108","1","ᚪᛈᛋ",193
"re'th","107","1","ᚱᛖᚦ",83
"np'n","107","1","ᚾᛈᚾ",101
"my'n","107","1","ᛗᚣᚾ",203
"zd't","106","1","ᛋᛞᛏ",201
"qi'n","106","1","ᚳᛁᚾ",73
"kt'n","106","1","ᚳᛏᚾ",101
"jm'n","106","1","ᛂᛗᚾ",137
"xa'n","105","1","ᛉᚪᚾ",173
"rea's","105","1","ᚱᛠᛋ",173
"mm's","105","1","ᛗᛗᛋ",195
"hs'd","105","1","ᚻᛋᛞ",165
"bb's","105","1","ᛒᛒᛋ",175
"vn'd","104","1","ᚢᚾᛞ",121
"ni's","104","1","ᚾᛁᛋ",113
"lae't","104","1","ᛚᚫᛏ",233
"gp't","104","1","ᚷᛈᛏ",119
"dg'd","104","1","ᛞᚷᛞ",195
"cc'n","104","1","ᚳᚳᚾ",55
"tm'd","103","1","ᛏᛗᛞ",219
"nl's","103","1","ᚾᛚᛋ",155
"lg'n","103","1","ᛚᚷᚾ",119
"jo't","103","1","ᛂᚩᛏ",103
"hx'd","103","1","ᚻᛉᛞ",159
"ang't","103","1","ᚪᛝᛏ",235
"vm'n","102","1","ᚢᛗᚾ",103
"ths't","102","1","ᚦᛋᛏ",117
"qi'd","102","1","ᚳᛁᛞ",133
"pv't","102","1","ᛈᚢᛏ",105
"ow's","102","1","ᚩᚹᛋ",79
"lb'd","102","1","ᛚᛒᛞ",223
"eon'd","102","1","ᛇᚾᛞ",159
"ur't","101","1","ᚢᚱᛏ",73
"ti'th","101","1","ᛏᛁᚦ",95
"su'th","101","1","ᛋᚢᚦ",61
"sr's","101","1","ᛋᚱᛋ",117
"is'th","101","1","ᛁᛋᚦ",89
"gg'd","101","1","ᚷᚷᛞ",123
"dl's","101","1","ᛞᛚᛋ",215
"thn'd","100","1","ᚦᚾᛞ",123
"sa'th","100","1","ᛋᚪᚦ",155
"rg'd","100","1","ᚱᚷᛞ",117
"ob's","100","1","ᚩᛒᛋ",121
"jz'n","100","1","ᛂᛋᚾ",119
"js't","100","1","ᛂᛋᛏ",149
"dh'i","100","1","ᛞᚻᛁ",143
"pw's","99","1","ᛈᚹᛋ",115
"lc's","99","1","ᛚᚳᛋ",139
"jt'n","99","1","ᛂᛏᚾ",125
"wj'th","98","1","ᚹᛂᚦ",61
"nio'n","98","1","ᚾᛡᚾ",165
"fl'th","98","1","ᚠᛚᚦ",80
"bt'n","98","1","ᛒᛏᚾ",149
"thl't","97","1","ᚦᛚᛏ",137
"ry't","97","1","ᚱᚣᛏ",173
"pz'n","97","1","ᛈᛋᚾ",125
"bea't","97","1","ᛒᛠᛏ",229
"ac's","97","1","ᚪᚳᛋ",163
"oz'd","96","1","ᚩᛋᛞ",149
"kb'n","96","1","ᚳᛒᚾ",103
"rp's","94","1","ᚱᛈᛋ",107
"ming'd","94","1","ᛗᛝᛞ",239
"ly't","94","1","ᛚᚣᛏ",235
"hoe'n","94","1","ᚻᛟᚾ",135
"gz'n","94","1","ᚷᛋᚾ",99
"fy'th","94","1","ᚠᚣᚦ",110
"yz'n","93","1","ᚣᛋᚾ",185
"tia'd","93","1","ᛏᛡᛞ",255
"fz'n","93","1","ᚠᛋᚾ",84
"aea't","93","1","ᚫᚪᛏ",257
"yea'd","92","1","ᚣᛠᛞ",301
"thc'n","92","1","ᚦᚳᚾ",47
"tf't","92","1","ᛏᚠᛏ",120
"rs'n","92","1","ᚱᛋᚾ",93
"ph't","92","1","ᛈᚻᛏ",125
"ey't","92","1","ᛖᚣᛏ",229
"ai's","92","1","ᚪᛁᛋ",181
"uv'n","91","1","ᚢᚢᚾ",35
"rb't","91","1","ᚱᛒᛏ",131
"ph's","91","1","ᛈᚻᛋ",119
"lx't","91","1","ᛚᛉᛏ",179
"eaa't","91","1","ᛠᚪᛏ",265
"dd's","91","1","ᛞᛞᛋ",231
"as's","91","1","ᚪᛋᛋ",203
"tj'd","90","1","ᛏᛂᛞ",185
"pc't","90","1","ᛈᚳᛏ",115
"kv'd","90","1","ᚳᚢᛞ",105
"ij't","90","1","ᛁᛂᛏ",127
"if'th","90","1","ᛁᚠᚦ",38
"hc'n","89","1","ᚻᚳᚾ",65
"sn'th","88","1","ᛋᚾᚦ",87
"qs't","88","1","ᚳᛋᛏ",125
"gm's","88","1","ᚷᛗᛋ",141
"tx'd","87","1","ᛏᛉᛞ",195
"tw'd","87","1","ᛏᚹᛞ",167
"ed'th","87","1","ᛖᛞᚦ",161
"tk'a","86","1","ᛏᚳᚪ",169
"lp't","86","1","ᛚᛈᛏ",175
"lb't","86","1","ᛚᛒᛏ",193
"ke's","86","1","ᚳᛖᛋ",133
"cn'd","86","1","ᚳᚾᛞ",131
"woe'd","85","1","ᚹᛟᛞ",191
"uk's","85","1","ᚢᚳᛋ",69
"pb't","85","1","ᛈᛒᛏ",163
"ot's","85","1","ᚩᛏᛋ",119
"kc's","85","1","ᚳᚳᛋ",79
"kg'n","84","1","ᚳᚷᚾ",59
"ie's","84","1","ᛁᛖᛋ",151
"ib't","84","1","ᛁᛒᛏ",151
"foe's","84","1","ᚠᛟᛋ",138
"cd'n","84","1","ᚳᛞᚾ",131
"zo'th","83","1","ᛋᚩᚦ",65
"uu'th","83","1","ᚢᚢᚦ",11
"ht's","83","1","ᚻᛏᛋ",135
"qm'd","82","1","ᚳᛗᛞ",173
"ob'n","82","1","ᚩᛒᚾ",97
"lv'd","82","1","ᛚᚢᛞ",165
"fk'd","82","1","ᚠᚳᛞ",104
"ub't","81","1","ᚢᛒᛏ",123
"seo't","81","1","ᛋᛇᛏ",153
"rt's","81","1","ᚱᛏᛋ",123
"oz't","81","1","ᚩᛋᛏ",119
"ff'th","81","1","ᚠᚠᚦ",9
"eu'd","81","1","ᛖᚢᛞ",159
"bc's","81","1","ᛒᚳᛋ",127
"yr'n","80","1","ᚣᚱᚾ",143
"thf't","80","1","ᚦᚠᛏ",66
"nia'n","80","1","ᚾᛡᚾ",165
"mb'd","80","1","ᛗᛒᛞ",221
"lh'n","80","1","ᛚᚻᚾ",125
"fd'n","80","1","ᚠᛞᚾ",120
"dh'd","80","1","ᛞᚻᛞ",201
"cb'n","80","1","ᚳᛒᚾ",103
"yt'n","79","1","ᚣᛏᚾ",191
"sd'd","79","1","ᛋᛞᛞ",231
"ps'd","79","1","ᛈᛋᛞ",185
"mg's","79","1","ᛗᚷᛋ",141
"sz'th","78","1","ᛋᛋᚦ",111
"rw'n","78","1","ᚱᚹᚾ",59
"rh'n","78","1","ᚱᚻᚾ",63
"px's","78","1","ᛈᛉᛋ",143
"pm's","78","1","ᛈᛗᛋ",167
"pd't","78","1","ᛈᛞᛏ",191
"iay'd","78","1","ᛡᚣᛞ",299
"gw't","78","1","ᚷᚹᛏ",95
"cp's","78","1","ᚳᛈᛋ",109
"ve's","77","1","ᚢᛖᛋ",123
"rio't","77","1","ᚱᛡᛏ",177
"reo't","77","1","ᚱᛇᛏ",111
"br'th","77","1","ᛒᚱᚦ",77
"ye'th","76","1","ᚣᛖᚦ",175
"vr'th","76","1","ᚢᚱᚦ",19
"uu'd","76","1","ᚢᚢᛞ",95
"uh't","76","1","ᚢᚻᛏ",85
"thu'th","76","1","ᚦᚢᚦ",13
"mr't","76","1","ᛗᚱᛏ",141
"mc's","76","1","ᛗᚳᛋ",137
"ls'd","76","1","ᛚᛋᛞ",215
"lc'd","76","1","ᛚᚳᛞ",175
"iac'd","76","1","ᛡᚳᛞ",209
"fh'd","76","1","ᚠᚻᛞ",114
"ey's","76","1","ᛖᚣᛋ",223
"aia'n","76","1","ᚪᛡᚾ",233
"voe't","75","1","ᚢᛟᛏ",145
"tea'n","75","1","ᛏᛠᚾ",197
"tc'n","75","1","ᛏᚳᚾ",101
"og's","75","1","ᚩᚷᛋ",77
"mng't","75","1","ᛗᛝᛏ",209
"lh'd","75","1","ᛚᚻᛞ",185
"ft'th","75","1","ᚠᛏᚦ",66
"eom't","75","1","ᛇᛗᛏ",171
"dt's","75","1","ᛞᛏᛋ",201
"av't","75","1","ᚪᚢᛏ",159
"zio'n","74","1","ᛋᛡᚾ",189
"tr'th","74","1","ᛏᚱᚦ",75
"nae'd","74","1","ᚾᚫᛞ",219
"ff'n","74","1","ᚠᚠᚾ",33
"oem's","73","1","ᛟᛗᛋ",207
"nv'd","73","1","ᚾᚢᛞ",121
"nn's","73","1","ᚾᚾᛋ",111
"md's","73","1","ᛗᛞᛋ",213
"lio'n","73","1","ᛚᛡᚾ",209
"zu'd","72","1","ᛋᚢᛞ",145
"thr'n","72","1","ᚦᚱᚾ",45
"ig't","72","1","ᛁᚷᛏ",107
"fea't","72","1","ᚠᛠᛏ",170
"tm'th","71","1","ᛏᛗᚦ",135
"kl'd","71","1","ᚳᛚᛞ",175
"eav'd","71","1","ᛠᚢᛞ",201
"cx'd","71","1","ᚳᛉᛞ",149
"ay't","71","1","ᚪᚣᛏ",259
"wg't","70","1","ᚹᚷᛏ",95
"oen't","70","1","ᛟᚾᛏ",171
"gae't","70","1","ᚷᚫᛏ",177
"eng's","70","1","ᛖᛝᛋ",199
"ec'n","70","1","ᛖᚳᚾ",109
"ds'd","70","1","ᛞᛋᛞ",231
"vu't","69","1","ᚢᚢᛏ",65
"ua'n","69","1","ᚢᚪᚾ",129
"om'th","69","1","ᚩᛗᚦ",83
"nv'n","69","1","ᚾᚢᚾ",61
"na's","69","1","ᚾᚪᛋ",179
"mt's","69","1","ᛗᛏᛋ",183
"fs'd","69","1","ᚠᛋᛞ",144
"es's","69","1","ᛖᛋᛋ",173
"ear't","69","1","ᛠᚱᛏ",179
"cb's","69","1","ᚳᛒᛋ",127
"vc'd","68","1","ᚢᚳᛞ",105
"sz'd","68","1","ᛋᛋᛞ",195
"rm'th","68","1","ᚱᛗᚦ",87
"ion's","68","1","ᛡᚾᛋ",189
"gu't","68","1","ᚷᚢᛏ",79
"fm's","68","1","ᚠᛗᛋ",126
"bp's","68","1","ᛒᛈᛋ",157
"za'd","67","1","ᛋᚪᛞ",239
"thd't","67","1","ᚦᛞᛏ",153
"se's","67","1","ᛋᛖᛋ",173
"md't","67","1","ᛗᛞᛏ",219
"lr'd","67","1","ᛚᚱᛞ",173
"ld'n","67","1","ᛚᛞᚾ",191
"fs't","67","1","ᚠᛋᛏ",114
"db't","67","1","ᛞᛒᛏ",209
"uu't","66","1","ᚢᚢᛏ",65
"rc't","66","1","ᚱᚳᛏ",83
"rae's","66","1","ᚱᚫᛋ",165
"mk'd","66","1","ᛗᚳᛞ",173
"fae't","66","1","ᚠᚫᛏ",162
"by's","66","1","ᛒᚣᛋ",217
"ao's","66","1","ᚪᚩᛋ",157
"ag's","66","1","ᚪᚷᛋ",167
"vr'n","65","1","ᚢᚱᚾ",43
"ut'th","65","1","ᚢᛏᚦ",67
"tk'i","65","1","ᛏᚳᛁ",103
"ti's","65","1","ᛏᛁᛋ",143
"km'n","65","1","ᚳᛗᚾ",113
"iw'th","65","1","ᛁᚹᚦ",55
"iw't","65","1","ᛁᚹᛏ",109
"fn'n","65","1","ᚠᚾᚾ",60
"bd't","65","1","ᛒᛞᛏ",209
"up's","64","1","ᚢᛈᛋ",99
"uo'n","64","1","ᚢᚩᚾ",39
"td't","64","1","ᛏᛞᛏ",207
"rn'th","64","1","ᚱᚾᚦ",45
"je't","64","1","ᛂᛖᛏ",163
"eng'th","64","1","ᛖᛝᚦ",151
"eas'n","64","1","ᛠᛋᚾ",191
"cv's","64","1","ᚳᚢᛋ",69
"uh'd","63","1","ᚢᚻᛞ",115
"sb'd","63","1","ᛋᛒᛞ",203
"ik'd","63","1","ᛁᚳᛞ",133
"foe'd","63","1","ᚠᛟᛞ",174
"fe's","63","1","ᚠᛖᛋ",122
"coe't","63","1","ᚳᛟᛏ",155
"bz't","63","1","ᛒᛋᛏ",173
"ta'th","62","1","ᛏᚪᚦ",161
"rj't","62","1","ᚱᛂᛏ",107
"qf't","62","1","ᚳᚠᛏ",74
"pi's","62","1","ᛈᛁᛋ",127
"moe's","62","1","ᛗᛟᛋ",207
"lia't","62","1","ᛚᛡᛏ",239
"iy'd","62","1","ᛁᚣᛞ",223
"dj't","62","1","ᛞᛂᛏ",185
"dia't","62","1","ᛞᛡᛏ",255
"cq'd","62","1","ᚳᚳᛞ",115
"thc't","61","1","ᚦᚳᛏ",77
"roe's","61","1","ᚱᛟᛋ",147
"rj'n","61","1","ᚱᛂᚾ",77
"qn't","61","1","ᚳᚾᛏ",101
"pj'd","61","1","ᛈᛂᛞ",169
"pea's","61","1","ᛈᛠᛋ",205
"mp'd","61","1","ᛗᛈᛞ",203
"lia'n","61","1","ᛚᛡᚾ",209
"hz't","61","1","ᚻᛋᛏ",135
"hl'n","61","1","ᚻᛚᚾ",125
"gh'd","61","1","ᚷᚻᛞ",129
"ev'th","61","1","ᛖᚢᚦ",75
"eg't","61","1","ᛖᚷᛏ",143
"ec's","61","1","ᛖᚳᛋ",133
"ds't","61","1","ᛞᛋᛏ",201
"cia'd","61","1","ᚳᛡᛞ",209
"bu'th","61","1","ᛒᚢᚦ",69
"xx'd","60","1","ᛉᛉᛞ",183
"wm'th","60","1","ᚹᛗᚦ",95
"tj't","60","1","ᛏᛂᛏ",155
"thl'd","60","1","ᚦᛚᛞ",167
"ry's","60","1","ᚱᚣᛋ",167
"rv't","60","1","ᚱᚢᛏ",73
"rio'd","60","1","ᚱᛡᛞ",207
"moe'n","60","1","ᛗᛟᚾ",183
"jt'th","60","1","ᛂᛏᚦ",101
"jl'd","60","1","ᛂᛚᛞ",199
"hg't","60","1","ᚻᚷᛏ",99
"fio'd","60","1","ᚠᛡᛞ",198
"ew'n","60","1","ᛖᚹᚾ",115
"eap'd","60","1","ᛠᛈᛞ",241
"eac't","60","1","ᛠᚳᛏ",181
"dh'ing","60","1","ᛞᚻᛝ",191
"df's","60","1","ᛞᚠᛋ",144
"ath'd","60","1","ᚪᚦᛞ",191
"tw'th","59","1","ᛏᚹᚦ",83
"rc'th","59","1","ᚱᚳᚦ",29
"qm't","59","1","ᚳᛗᛏ",143
"od't","59","1","ᚩᛞᛏ",155
"md'n","59","1","ᛗᛞᚾ",189
"lk'd","59","1","ᛚᚳᛞ",175
"kia'd","59","1","ᚳᛡᛞ",209
"ith'n","59","1","ᛁᚦᚾ",65
"ik'n","59","1","ᛁᚳᚾ",73
"iam'd","59","1","ᛡᛗᛞ",267
"hr't","59","1","ᚻᚱᛏ",93
"eh'n","59","1","ᛖᚻᚾ",119
"dy's","59","1","ᛞᚣᛋ",245
"bea'n","59","1","ᛒᛠᚾ",199
"ung'd","58","1","ᚢᛝᛞ",171
"pp's","58","1","ᛈᛈᛋ",139
"pia's","58","1","ᛈᛡᛋ",203
"mc't","58","1","ᛗᚳᛏ",143
"lf'th","58","1","ᛚᚠᚦ",80
"jc't","58","1","ᛂᚳᛏ",109
"hd'd","58","1","ᚻᛞᛞ",201
"eh't","58","1","ᛖᚻᛏ",149
"ef'd","58","1","ᛖᚠᛞ",158
"ch'th","58","1","ᚳᚻᚦ",41
"we'th","57","1","ᚹᛖᚦ",91
"us'th","57","1","ᚢᛋᚦ",61
"sc's","57","1","ᛋᚳᛋ",119
"pea'd","57","1","ᛈᛠᛞ",241
"ong'd","57","1","ᚩᛝᛞ",175
"is's","57","1","ᛁᛋᛋ",137
"gr'th","57","1","ᚷᚱᚦ",33
"zo'd","56","1","ᛋᚩᛞ",149
"zm'd","56","1","ᛋᛗᛞ",213
"yd't","56","1","ᚣᛞᛏ",251
"uz'n","56","1","ᚢᛋᚾ",85
"toe's","56","1","ᛏᛟᛋ",195
"rh'd","56","1","ᚱᚻᛞ",123
"nv't","56","1","ᚾᚢᛏ",91
"nf't","56","1","ᚾᚠᛏ",90
"goe'n","56","1","ᚷᛟᚾ",129
"dia'n","56","1","ᛞᛡᚾ",225
"cu's","56","1","ᚳᚢᛋ",69
"aa's","56","1","ᚪᚪᛋ",247
"vt's","55","1","ᚢᛏᛋ",115
"thae'd","55","1","ᚦᚫᛞ",195
"rz'd","55","1","ᚱᛋᛞ",153
"ne'th","55","1","ᚾᛖᚦ",101
"lb'n","55","1","ᛚᛒᚾ",163
"jea'n","55","1","ᛂᛠᚾ",175
"fio'n","55","1","ᚠᛡᚾ",138
"cy't","55","1","ᚳᚣᛏ",175
"bg's","55","1","ᛒᚷᛋ",131
"ay'n","55","1","ᚪᚣᚾ",229
"wr'd","54","1","ᚹᚱᛞ",119
"vr't","54","1","ᚢᚱᛏ",73
"tf'd","54","1","ᛏᚠᛞ",150
"rf't","54","1","ᚱᚠᛏ",72
"rd't","54","1","ᚱᛞᛏ",159
"nz't","54","1","ᚾᛋᛏ",141
"nea'th","54","1","ᚾᛠᚦ",143
"goe'd","54","1","ᚷᛟᛞ",189
"em'th","54","1","ᛖᛗᚦ",143
"dd'n","54","1","ᛞᛞᚾ",207
"bs'n","54","1","ᛒᛋᚾ",143
"aw's","54","1","ᚪᚹᛋ",169
"wr'n","53","1","ᚹᚱᚾ",59
"ue'n","53","1","ᚢᛖᚾ",99
"mz's","53","1","ᛗᛋᛋ",177
"ly's","53","1","ᛚᚣᛋ",229
"kd's","53","1","ᚳᛞᛋ",155
"gq'd","53","1","ᚷᚳᛞ",119
"gl's","53","1","ᚷᛚᛋ",143
"dw'd","53","1","ᛞᚹᛞ",197
"zz't","52","1","ᛋᛋᛏ",165
"wu's","52","1","ᚹᚢᛋ",75
"tt's","52","1","ᛏᛏᛋ",171
"td's","52","1","ᛏᛞᛋ",201
"seo'd","52","1","ᛋᛇᛞ",183
"pea't","52","1","ᛈᛠᛏ",211
"ln'th","52","1","ᛚᚾᚦ",107
"lc'th","52","1","ᛚᚳᚦ",91
"ir's","52","1","ᛁᚱᛋ",95
"ioi'd","52","1","ᛡᛁᛞ",227
"hf'd","52","1","ᚻᚠᛞ",114
"bj's","52","1","ᛒᛂᛋ",151
"yr't","51","1","ᚣᚱᛏ",173
"xx't","51","1","ᛉᛉᛏ",153
"tha'th","51","1","ᚦᚪᚦ",107
"tc't","51","1","ᛏᚳᛏ",131
"sq'd","51","1","ᛋᚳᛞ",155
"pt's","51","1","ᛈᛏᛋ",155
"ps't","51","1","ᛈᛋᛏ",155
"nu'th","51","1","ᚾᚢᚦ",37
"nj'n","51","1","ᚾᛂᚾ",95
"iz't","51","1","ᛁᛋᛏ",143
"dae'n","51","1","ᛞᚫᚾ",219
"coe'n","51","1","ᚳᛟᚾ",125
"aj's","51","1","ᚪᛂᛋ",187
"ab's","51","1","ᚪᛒᛋ",211
"rh't","50","1","ᚱᚻᛏ",93
"np'd","50","1","ᚾᛈᛞ",161
"nh't","50","1","ᚾᚻᛏ",111
"jr'n","50","1","ᛂᚱᚾ",77
"jm't","50","1","ᛂᛗᛏ",167
"ion'n","50","1","ᛡᚾᚾ",165
"hp's","50","1","ᚻᛈᛋ",119
"eal'th","50","1","ᛠᛚᚦ",187
"dc't","50","1","ᛞᚳᛏ",161
"aj't","50","1","ᚪᛂᛏ",193
"uu'n","49","1","ᚢᚢᚾ",35
"mv't","49","1","ᛗᚢᛏ",133
"ms'd","49","1","ᛗᛋᛞ",213
"ip's","49","1","ᛁᛈᛋ",127
"dz's","49","1","ᛞᛋᛋ",195
"ck's","49","1","ᚳᚳᛋ",79
"ch's","49","1","ᚳᚻᛋ",89
"aec's","49","1","ᚫᚳᛋ",167
"ya's","48","1","ᚣᚪᛋ",253
"pd'd","48","1","ᛈᛞᛞ",221
"nz'n","48","1","ᚾᛋᚾ",111
"nc'n","48","1","ᚾᚳᚾ",71
"mx's","48","1","ᛗᛉᛋ",171
"kc'n","48","1","ᚳᚳᚾ",55
"jt'd","48","1","ᛂᛏᛞ",185
"ior't","48","1","ᛡᚱᛏ",177
"dh'e","48","1","ᛞᚻᛖ",179
"ce's","48","1","ᚳᛖᛋ",133
"bp't","48","1","ᛒᛈᛏ",163
"bh'th","48","1","ᛒᚻᚦ",89
"as'th","48","1","ᚪᛋᚦ",155
"ak's","48","1","ᚪᚳᛋ",163
"zl't","47","1","ᛋᛚᛏ",185
"yc't","47","1","ᚣᚳᛏ",175
"xt't","47","1","ᛉᛏᛏ",165
"wea't","47","1","ᚹᛠᛏ",187
"rw'd","47","1","ᚱᚹᛞ",119
"oz'n","47","1","ᚩᛋᚾ",89
"mv'd","47","1","ᛗᚢᛞ",163
"lu's","47","1","ᛚᚢᛋ",129
"lc'n","47","1","ᛚᚳᚾ",115
"eow'd","47","1","ᛇᚹᛞ",149
"au's","47","1","ᚪᚢᛋ",153
"ym'd","46","1","ᚣᛗᛞ",263
"xx'n","46","1","ᛉᛉᚾ",123
"se'th","46","1","ᛋᛖᚦ",125
"rp'n","46","1","ᚱᛈᚾ",83
"ro'th","46","1","ᚱᚩᚦ",23
"pe's","46","1","ᛈᛖᛋ",163
"lz'd","46","1","ᛚᛋᛞ",215
"kr'n","46","1","ᚳᚱᚾ",53
"iz'n","46","1","ᛁᛋᚾ",113
"gp's","46","1","ᚷᛈᛋ",113
"eai'n","46","1","ᛠᛁᚾ",169
"aet'n","46","1","ᚫᛏᚾ",189
"vv'n","45","1","ᚢᚢᚾ",35
"st'th","45","1","ᛋᛏᚦ",117
"sf't","45","1","ᛋᚠᛏ",114
"od'n","45","1","ᚩᛞᚾ",125
"nt'th","45","1","ᚾᛏᚦ",93
"iar'd","45","1","ᛡᚱᛞ",207
"hia'n","45","1","ᚻᛡᚾ",159
"fia't","45","1","ᚠᛡᛏ",168
"cp'n","45","1","ᚳᛈᚾ",85
"az's","45","1","ᚪᛋᛋ",203
"au'th","45","1","ᚪᚢᚦ",105
"ao'n","45","1","ᚪᚩᚾ",133
"zt't","44","1","ᛋᛏᛏ",171
"yea's","44","1","ᚣᛠᛋ",265
"wy'd","44","1","ᚹᚣᛞ",211
"wd't","44","1","ᚹᛞᛏ",167
"va'th","44","1","ᚢᚪᚦ",105
"tv't","44","1","ᛏᚢᛏ",121
"ring'n","44","1","ᚱᛝᚾ",119
"eat'th","44","1","ᛠᛏᚦ",173
"vv't","43","1","ᚢᚢᛏ",65
"py't","43","1","ᛈᚣᛏ",205
"mea'd","43","1","ᛗᛠᛞ",269
"lf'd","43","1","ᛚᚠᛞ",164
"ix'n","43","1","ᛁᛉᚾ",107
"iio't","43","1","ᛁᛡᛏ",197
"bing's","43","1","ᛒᛝᛋ",193
"zn'd","42","1","ᛋᚾᛞ",171
"rea'n","42","1","ᚱᛠᚾ",149
"pi'th","42","1","ᛈᛁᚦ",79
"oc's","42","1","ᚩᚳᛋ",73
"md'd","42","1","ᛗᛞᛞ",249
"ioi't","42","1","ᛡᛁᛏ",197
"ij'n","42","1","ᛁᛂᚾ",97
"bs't","42","1","ᛒᛋᛏ",173
"tw't","41","1","ᛏᚹᛏ",137
"te'th","41","1","ᛏᛖᚦ",131
"sing's","41","1","ᛋᛝᛋ",185
"oj't","41","1","ᚩᛂᛏ",103
"nh'n","41","1","ᚾᚻᚾ",81
"ead't","41","1","ᛠᛞᛏ",257
"ax's","41","1","ᚪᛉᛋ",197
"aek'd","41","1","ᚫᚳᛞ",203
"zy't","40","1","ᛋᚣᛏ",215
"tj's","40","1","ᛏᛂᛋ",149
"ria'n","40","1","ᚱᛡᚾ",147
"rc'n","40","1","ᚱᚳᚾ",53
"ow'th","40","1","ᚩᚹᚦ",31
"hn's","40","1","ᚻᚾᛋ",105
"eath'd","40","1","ᛠᚦᛞ",203
"cj't","40","1","ᚳᛂᛏ",109
